id,home,away,predicted
401769075,Ole Miss,Miami,0.2603395842684577
401769074,Indiana,Oregon,-11.190793220449459
