week,mean_ae,mean_se,RMSE,straight_up_win_pct
1,16.066675796691644,395.88924653316747,19.896965761974048,0.83
