season,mean_ae,mean_vegas_ae,mean_se,mean_vegas_se,RMSE,vegas_RMSE,straight_up_win_pct,ATS_win_pct,AE_ATS_win_pct
2024,14.734462608506043,12.157490079365079,345.31111954996493,244.3679935515873,18.582548790463726,15.632274100449598,0.6875,0.46726190476190477,0.38392857142857145
