season,mean_ae,mean_vegas_ae,mean_se,mean_vegas_se,RMSE,vegas_RMSE,straight_up_win_pct,vegas_straight_up_win_pct,ATS_win_pct,AE_ATS_win_pct
2024,14.734462608506043,12.157490079365079,345.311119549965,244.3679935515873,18.58254879046373,15.632274100449598,0.6875,0.7291666666666666,0.46726190476190477,0.38392857142857145
