season,games,mean_ae,mean_vegas_ae,mean_se,mean_vegas_se,RMSE,vegas_RMSE,straight_up_win_pct,vegas_straight_up_win_pct,ATS_win_pct,AE_ATS_win_pct
2024,738,14.204507371683388,12.095754290876242,316.40390960181327,237.47990063233965,17.787746051757466,15.410382884027888,0.6869918699186992,0.7154471544715447,0.4878048780487805,0.4078590785907859
