week,games,mean_ae,mean_vegas_ae,mean_se,mean_vegas_se,RMSE,vegas_RMSE,straight_up_win_pct,vegas_straight_up_win_pct,ATS_win_pct,AE_ATS_win_pct
1,34,17.233948141272492,12.727941176470589,474.2844712807346,256.3016748366013,21.778073176494164,16.009424562944208,0.6176470588235294,0.7352941176470589,0.47058823529411764,0.38235294117647056
