week,games,mean_ae,mean_vegas_ae,mean_se,mean_vegas_se,RMSE,vegas_RMSE,straight_up_win_pct,vegas_straight_up_win_pct,ATS_win_pct,AE_ATS_win_pct
1,34,17.233948141272492,12.727941176470589,474.2844712807346,256.3016748366013,21.778073176494164,16.009424562944208,0.6176470588235294,0.7352941176470589,0.4705882352941176,0.38235294117647056
2,44,14.328694411600358,11.928030303030305,316.78009959654935,235.76199494949495,17.79831732486387,15.35454313711401,0.6136363636363636,0.6136363636363636,0.4545454545454546,0.3863636363636363
3,52,16.338994554041236,13.243589743589743,458.41815448944624,271.7596153846154,21.410701868211753,16.4851331624775,0.8076923076923077,0.8076923076923077,0.40384615384615385,0.34615384615384615
