season,games,mean_ae,mean_vegas_ae,mean_se,mean_vegas_se,RMSE,vegas_RMSE,straight_up_win_pct,vegas_straight_up_win_pct,ATS_win_pct,AE_ATS_win_pct
2024,785,13.99401170079319,11.971656050955414,308.98442312948936,232.79685951875445,17.577952757061595,15.257681983799323,0.6878980891719745,0.710828025477707,0.4942675159235669,0.41273885350318473
