season,mean_ae,mean_vegas_ae,mean_se,mean_vegas_se,RMSE,vegas_RMSE,straight_up_win_pct,vegas_straight_up_win_pct,ATS_win_pct,AE_ATS_win_pct
2024,14.290087759255176,11.989873417721519,329.13780438398356,238.63871308016877,18.14215545033124,15.44793556046143,0.6860759493670886,0.7265822784810126,0.4810126582278481,0.40253164556962023
