season,games,mean_ae,mean_vegas_ae,mean_se,mean_vegas_se,RMSE,vegas_RMSE,straight_up_win_pct,vegas_straight_up_win_pct,ATS_win_pct,AE_ATS_win_pct
2024,739,14.224623896894819,12.112313937753722,317.11933180571367,237.95978048413772,17.807844670417406,15.425945043469387,0.6860622462787551,0.7144790257104194,0.4871447902571042,0.40730717185385656
