season,games,mean_ae,mean_vegas_ae,mean_se,mean_vegas_se,RMSE,vegas_RMSE,straight_up_win_pct,vegas_straight_up_win_pct,ATS_win_pct,AE_ATS_win_pct
2025,464,13.508189319817571,11.69378591954023,296.81922736274186,226.63085189176246,17.228442395142455,15.05426357852693,0.7176724137931034,0.75,0.5366379310344828,0.42887931034482757
