season,games,mean_ae,mean_vegas_ae,mean_se,mean_vegas_se,RMSE,vegas_RMSE,straight_up_win_pct,vegas_straight_up_win_pct,ATS_win_pct,AE_ATS_win_pct
2025,803,13.216836507346013,11.822436695724367,283.66906738403554,225.1004912135049,16.84247806541649,15.003349333182404,0.6973848069738481,0.7359900373599004,0.5379825653798257,0.44831880448318806
