season,games,mean_ae,mean_vegas_ae,mean_se,mean_vegas_se,RMSE,vegas_RMSE,straight_up_win_pct,vegas_straight_up_win_pct,ATS_win_pct,AE_ATS_win_pct
2025,567,13.319271176238034,11.740005878894769,290.6750114997268,228.1543087399569,17.04919386656527,15.10477767926284,0.7037037037037037,0.7354497354497355,0.5396825396825397,0.43738977072310403
