season,games,mean_ae,mean_vegas_ae,mean_se,mean_vegas_se,RMSE,vegas_RMSE,straight_up_win_pct,vegas_straight_up_win_pct,ATS_win_pct,AE_ATS_win_pct
2025,761,13.217156518584703,11.857752956636006,283.09700423270795,227.23204117389403,16.825486745788602,15.074217763250404,0.7082785808147175,0.7437582128777924,0.5413929040735874,0.4520367936925099
