season,games,mean_ae,mean_vegas_ae,mean_se,mean_vegas_se,RMSE,vegas_RMSE,straight_up_win_pct,vegas_straight_up_win_pct,ATS_win_pct,AE_ATS_win_pct
2025,411,13.698712604058086,11.756082725060828,306.89099863231496,231.97504393079208,17.518304673464122,15.230726966589351,0.7201946472019465,0.7518248175182481,0.5425790754257908,0.4282238442822384
