season,games,mean_ae,mean_vegas_ae,mean_se,mean_vegas_se,RMSE,vegas_RMSE,straight_up_win_pct,vegas_straight_up_win_pct,ATS_win_pct,AE_ATS_win_pct
2025,352,13.934009544342572,11.69341856060606,317.70877386675545,233.56287484217174,17.824387054447495,15.282763979142377,0.7159090909090909,0.7585227272727273,0.53125,0.4119318181818182
