season,games,mean_ae,mean_vegas_ae,mean_se,mean_vegas_se,RMSE,vegas_RMSE,straight_up_win_pct,vegas_straight_up_win_pct,ATS_win_pct,AE_ATS_win_pct
2025,296,13.891433703948382,11.317286036036036,315.8999534944437,217.56510416666666,17.77357458404031,14.750088276571997,0.7162162162162162,0.7668918918918919,0.527027027027027,0.40202702702702703
