season,games,mean_ae,mean_vegas_ae,mean_se,mean_vegas_se,RMSE,vegas_RMSE,straight_up_win_pct,vegas_straight_up_win_pct,ATS_win_pct,AE_ATS_win_pct
2025,805,13.216979605706994,11.832815734989648,283.6279578674756,225.73626639061422,16.84125760943866,15.024522168462271,0.698136645962733,0.7366459627329193,0.537888198757764,0.4484472049689441
