season,games,mean_ae,mean_vegas_ae,mean_se,mean_vegas_se,RMSE,vegas_RMSE,straight_up_win_pct,vegas_straight_up_win_pct,ATS_win_pct,AE_ATS_win_pct
2025,246,14.130669958949019,11.48611111111111,329.6352863106649,224.68425361336946,18.155860935539934,14.989471425416223,0.7113821138211383,0.7682926829268293,0.524390243902439,0.3861788617886179
