season,games,mean_ae,mean_vegas_ae,mean_se,mean_vegas_se,RMSE,vegas_RMSE,straight_up_win_pct,vegas_straight_up_win_pct,ATS_win_pct,AE_ATS_win_pct
2025,760,13.220611358138234,11.867434210526316,283.32189579627175,227.50438596491227,16.832168481698126,15.083248521618685,0.7078947368421052,0.743421052631579,0.5421052631578948,0.45263157894736844
