season,games,mean_ae,mean_vegas_ae,mean_se,mean_vegas_se,RMSE,vegas_RMSE,straight_up_win_pct,vegas_straight_up_win_pct,ATS_win_pct,AE_ATS_win_pct
2025,685,13.317119675566186,11.816666666666666,289.61141889739775,228.25096309813463,17.017973407471224,15.107976803600627,0.710948905109489,0.7445255474452555,0.5401459854014599,0.4467153284671533
