season,games,mean_ae,mean_vegas_ae,mean_se,mean_vegas_se,RMSE,vegas_RMSE,straight_up_win_pct,vegas_straight_up_win_pct,ATS_win_pct,AE_ATS_win_pct
2025,625,13.272467996682456,11.7732,288.04750720850177,229.12203333333332,16.97196238531366,15.136777508219287,0.7104,0.7424,0.5456,0.4464
