season,games,mean_ae,mean_vegas_ae,mean_se,mean_vegas_se,RMSE,vegas_RMSE,straight_up_win_pct,vegas_straight_up_win_pct,ATS_win_pct,AE_ATS_win_pct
2025,773,13.208792760061645,11.858883139284174,282.9265861864349,226.9288486416559,16.82042170061247,15.06415774750304,0.7063389391979301,0.741267787839586,0.5420439844760673,0.4514877102199224
