season,games,mean_ae,mean_vegas_ae,mean_se,mean_vegas_se,RMSE,vegas_RMSE,straight_up_win_pct,vegas_straight_up_win_pct,ATS_win_pct,AE_ATS_win_pct
2025,516,13.356757488227046,11.814114987080103,291.20305381702883,230.04493701550385,17.064672684145712,15.167232345273275,0.7131782945736435,0.7422480620155039,0.5465116279069767,0.44573643410852715
