season,games,mean_ae,mean_vegas_ae,mean_se,mean_vegas_se,RMSE,vegas_RMSE,straight_up_win_pct,vegas_straight_up_win_pct,ATS_win_pct,AE_ATS_win_pct
2025,752,13.247734195705961,11.882646276595745,284.5790150977391,228.48407025709218,16.86946991158107,15.1156895395841,0.7101063829787234,0.7433510638297872,0.5452127659574468,0.45478723404255317
