id,season,week,completed,home_team,home_classification,home_points,away_team,away_classification,away_points,result,winner,mean_spread,home_moneyline,away_moneyline,proj_margin,VoA_AE,vegas_AE,VoA_SE,vegas_SE,VoA_correct_winner,vegas_correct_winner,VoA_ATS_winner,VoA_AEATS_winner,payout,profit
401866615,2026,1,true,Delaware State,fcs,41,Stony Brook,fcs,34,-7,Delaware State,4.5,,,-5.228526725363558,1.7714732746364419,11.5,3.138117562751159,132.25,1,0,1,1,0.0,0.0
401866532,2026,1,true,Towson,fcs,18,Maine,fcs,21,3,Maine,-2.5,,,-3.3114839573401156,6.311483957340116,5.5,39.834829743761645,30.25,0,0,0,0,-1.0,-1.0
401868060,2026,1,true,Austin Peay,fcs,35,Gardner-Webb,fcs,17,-18,Austin Peay,-14.5,,,-9.59426257604135,8.40573742395865,3.5,70.656421640539,12.25,1,1,0,0,0.0,0.0
401868962,2026,1,true,Nicholls,fcs,44,Mississippi Valley State,fcs,10,-34,Nicholls,-28.5,,,-7.496451532397499,26.5035484676025,5.5,702.4380813745548,30.25,1,1,0,0,0.0,0.0
401868169,2026,1,true,Lindenwood,fcs,20,Charleston Southern,fcs,17,-3,Lindenwood,-7.5,,,-6.2598525179507805,3.2598525179507805,4.5,10.626638438790044,20.25,1,1,1,1,0.0,0.0
401868315,2026,1,true,SE Louisiana,fcs,28,Houston Christian,fcs,34,6,Houston Christian,-24.5,,,-13.372511151853363,19.372511151853363,30.5,375.29418832868294,930.25,0,0,1,1,-1.0,-1.0
401867865,2026,1,true,Murray State,fcs,14,Eastern Illinois,fcs,28,14,Eastern Illinois,-4.5,,,2.537535866412643,11.462464133587357,18.5,131.38808401377656,342.25,1,0,1,1,0.0,0.0
401868070,2026,1,true,UT Martin,fcs,24,Central Arkansas,fcs,36,12,Central Arkansas,-3.0,,,2.3350539851654073,9.664946014834593,15.0,93.41118146966707,225.0,1,0,1,1,0.0,0.0
401867874,2026,1,true,North Dakota,fcs,42,Long Island University,fcs,21,-21,North Dakota,-27.5,,,-4.196008738974451,16.803991261025548,6.5,282.37412230062296,42.25,1,1,1,0,0.0,0.0
401868007,2026,1,true,Fordham,fcs,14,Colgate,fcs,24,10,Colgate,8.5,242,-318,1.4075707640148973,8.592429235985103,1.5,73.82984017541153,2.25,1,1,0,0,1.3144654088050314,0.3144654088050314
401868007,2026,1,true,Fordham,fcs,14,Colgate,fcs,24,10,Colgate,8.5,,,1.4075707640148973,8.592429235985103,1.5,73.82984017541153,2.25,1,1,0,0,0.0,0.0
401866617,2026,1,true,Merrimack,fcs,7,Rhode Island,fcs,34,27,Rhode Island,20.5,890,-1960,9.587595940285283,17.412404059714717,6.5,303.1918151387696,42.25,1,1,0,0,1.0510204081632653,0.05102040816326525
401866617,2026,1,true,Merrimack,fcs,7,Rhode Island,fcs,34,27,Rhode Island,21.0,,,9.587595940285283,17.412404059714717,6.0,303.1918151387696,36.0,1,1,0,0,0.0,0.0
401868040,2026,1,true,Villanova,fcs,32,William & Mary,fcs,35,3,William & Mary,-12.5,-700,462,-4.615721804913695,7.615721804913695,15.5,57.99921860983792,240.25,0,0,1,1,-1.0,-1.0
401868040,2026,1,true,Villanova,fcs,32,William & Mary,fcs,35,3,William & Mary,-12.5,,,-4.615721804913695,7.615721804913695,15.5,57.99921860983792,240.25,0,0,1,1,-1.0,-1.0
401866616,2026,1,true,UAlbany,fcs,28,New Hampshire,fcs,14,-14,UAlbany,10.0,268,-357,2.102536424424716,16.102536424424716,24.0,259.29167929992474,576.0,0,0,1,1,-1.0,-1.0
401866616,2026,1,true,UAlbany,fcs,28,New Hampshire,fcs,14,-14,UAlbany,10.0,,,2.102536424424716,16.102536424424716,24.0,259.29167929992474,576.0,0,0,1,1,-1.0,-1.0
401868129,2026,1,true,Northern Colorado,fcs,29,Weber State,fcs,30,1,Weber State,-3.0,-161,129,-2.179659204579476,3.179659204579476,4.0,10.110232657266986,16.0,0,0,1,1,-1.0,-1.0
401868129,2026,1,true,Northern Colorado,fcs,29,Weber State,fcs,30,1,Weber State,-3.0,,,-2.179659204579476,3.179659204579476,4.0,10.110232657266986,16.0,0,0,1,1,-1.0,-1.0
401868073,2026,1,true,Cal Poly,fcs,38,Idaho,fcs,34,-4,Cal Poly,5.5,172,-219,2.5166617500973847,6.516661750097384,9.5,42.466880365182305,90.25,0,0,1,1,-1.0,-1.0
401868073,2026,1,true,Cal Poly,fcs,38,Idaho,fcs,34,-4,Cal Poly,5.5,,,2.5166617500973847,6.516661750097384,9.5,42.466880365182305,90.25,0,0,1,1,-1.0,-1.0
401856766,2026,1,true,TCU,fbs,10,North Carolina,fbs,15,5,North Carolina,-7.5,,,-3.984959734188722,8.984959734188722,12.5,80.72950142499268,156.25,0,0,1,1,-1.0,-1.0
401856766,2026,1,true,TCU,fbs,10,North Carolina,fbs,15,5,North Carolina,-7.5,-310,250,-3.984959734188722,8.984959734188722,12.5,80.72950142499268,156.25,0,0,1,1,-1.0,-1.0
401856766,2026,1,true,TCU,fbs,10,North Carolina,fbs,15,5,North Carolina,-7.5,-235,195,-3.984959734188722,8.984959734188722,12.5,80.72950142499268,156.25,0,0,1,1,-1.0,-1.0
401867916,2026,1,true,Wagner,fcs,7,Robert Morris,fcs,28,21,Robert Morris,-5.5,-223,176,0.1664108594637952,20.833589140536205,26.5,434.0384364766681,702.25,1,0,1,1,2.76,1.7599999999999998
401867916,2026,1,true,Wagner,fcs,7,Robert Morris,fcs,28,21,Robert Morris,-5.5,,,0.1664108594637952,20.833589140536205,26.5,434.0384364766681,702.25,1,0,1,1,0.0,0.0
401867882,2026,1,true,South Dakota,fcs,59,Central Connecticut,fcs,20,-39,South Dakota,-21.5,-3900,1180,-4.124403854249967,34.87559614575003,17.5,1216.3072065214544,306.25,1,1,0,0,1.0256410256410255,0.02564102564102555
401867882,2026,1,true,South Dakota,fcs,59,Central Connecticut,fcs,20,-39,South Dakota,-20.5,,,-4.124403854249967,34.87559614575003,18.5,1216.3072065214544,342.25,1,1,0,0,0.0,0.0
401868324,2026,1,true,Alabama State,fcs,30,Southern,fcs,17,-13,Alabama State,-19.5,-1760,830,-14.179341542808963,1.179341542808963,6.5,1.3908464745950253,42.25,1,1,1,1,1.0568181818181819,0.05681818181818188
401868324,2026,1,true,Alabama State,fcs,30,Southern,fcs,17,-13,Alabama State,19.5,,,-14.179341542808963,1.179341542808963,32.5,1.3908464745950253,1056.25,1,0,1,1,0.0,0.0
401864494,2026,1,true,USC,fbs,42,San José State,fbs,26,-16,USC,-37.5,,,-42.324883348612595,26.324883348612595,21.5,692.9994833180607,462.25,1,1,0,0,0.0,0.0
401864494,2026,1,true,USC,fbs,42,San José State,fbs,26,-16,USC,-37.5,-100000,5000,-42.324883348612595,26.324883348612595,21.5,692.9994833180607,462.25,1,1,0,0,1.001,0.0009999999999998899
401864494,2026,1,true,USC,fbs,42,San José State,fbs,26,-16,USC,-37.0,-100000,3500,-42.324883348612595,26.324883348612595,21.0,692.9994833180607,441.0,1,1,0,0,1.001,0.0009999999999998899
401868154,2026,1,true,Portland State,fcs,24,UC Davis,fcs,31,7,UC Davis,25.5,1300,-5400,11.30108948990045,4.30108948990045,18.5,18.499370800132116,342.25,1,1,1,1,1.0185185185185186,0.0185185185185186
401868154,2026,1,true,Portland State,fcs,24,UC Davis,fcs,31,7,UC Davis,25.5,,,11.30108948990045,4.30108948990045,18.5,18.499370800132116,342.25,1,1,1,1,0.0,0.0
401858202,2026,1,true,Virginia,fbs,34,NC State,fbs,8,-26,Virginia,-4.0,-145,125,8.20390932390489,34.20390932390489,22.0,1169.9074130379076,484.0,0,1,0,0,-1.0,-1.0
401858202,2026,1,true,Virginia,fbs,34,NC State,fbs,8,-26,Virginia,-4.0,,,8.20390932390489,34.20390932390489,22.0,1169.9074130379076,484.0,0,1,0,0,-1.0,-1.0
401858202,2026,1,true,Virginia,fbs,34,NC State,fbs,8,-26,Virginia,-4.0,-185,154,8.20390932390489,34.20390932390489,22.0,1169.9074130379076,484.0,0,1,0,0,-1.0,-1.0
401868022,2026,1,true,Holy Cross,fcs,10,Lehigh,fcs,35,25,Lehigh,14.0,509,-800,8.75595470116003,16.24404529883997,11.0,263.869007670765,121.0,1,1,0,0,1.125,0.125
401868022,2026,1,true,Holy Cross,fcs,10,Lehigh,fcs,35,25,Lehigh,14.0,,,8.75595470116003,16.24404529883997,11.0,263.869007670765,121.0,1,1,0,0,0.0,0.0
401868084,2026,1,true,Northern Arizona,fcs,34,Eastern Washington,fcs,27,-7,Northern Arizona,-5.5,-242,189,-5.639935206448731,1.3600647935512686,1.5,1.849776242657655,2.25,1,1,1,1,1.4132231404958677,0.4132231404958677
401868084,2026,1,true,Northern Arizona,fcs,34,Eastern Washington,fcs,27,-7,Northern Arizona,-5.5,,,-5.639935206448731,1.3600647935512686,1.5,1.849776242657655,2.25,1,1,1,1,0.0,0.0
401864577,2026,1,true,North Dakota State,fbs,33,Jacksonville State,fbs,7,-26,North Dakota State,-6.5,,,-20.053863658718495,5.946136341281505,19.5,35.35653738910861,380.25,1,1,1,1,0.0,0.0
401864577,2026,1,true,North Dakota State,fbs,33,Jacksonville State,fbs,7,-26,North Dakota State,-7.0,-330,265,-20.053863658718495,5.946136341281505,19.0,35.35653738910861,361.0,1,1,1,1,1.303030303030303,0.303030303030303
401864577,2026,1,true,North Dakota State,fbs,33,Jacksonville State,fbs,7,-26,North Dakota State,-6.5,-265,215,-20.053863658718495,5.946136341281505,19.5,35.35653738910861,380.25,1,1,1,1,1.3773584905660377,0.37735849056603765
401866620,2026,1,true,East Tennessee State,fcs,37,Campbell,fcs,49,12,Campbell,-7.0,-267,207,-10.243347545190053,22.243347545190055,19.0,494.7665100161124,361.0,0,0,0,0,-1.0,-1.0
401866620,2026,1,true,East Tennessee State,fcs,37,Campbell,fcs,49,12,Campbell,-7.0,,,-10.243347545190053,22.243347545190055,19.0,494.7665100161124,361.0,0,0,0,0,-1.0,-1.0
401866618,2026,1,true,North Carolina A&T,fcs,7,Morgan State,fcs,17,10,Morgan State,7.0,210,-270,3.298148775540856,6.701851224459144,3.0,44.91480983478453,9.0,1,1,0,0,1.3703703703703702,0.37037037037037024
401866618,2026,1,true,North Carolina A&T,fcs,7,Morgan State,fcs,17,10,Morgan State,7.0,,,3.298148775540856,6.701851224459144,3.0,44.91480983478453,9.0,1,1,0,0,0.0,0.0
401866619,2026,1,true,Stonehill,fcs,6,Bryant,fcs,24,18,Bryant,4.5,153,-192,0.23158346820997222,17.768416531790027,13.5,315.71662604718915,182.25,1,1,0,0,1.5208333333333335,0.5208333333333335
401866619,2026,1,true,Stonehill,fcs,6,Bryant,fcs,24,18,Bryant,4.0,,,0.23158346820997222,17.768416531790027,14.0,315.71662604718915,196.0,1,1,0,0,0.0,0.0
401868101,2026,1,true,Idaho State,fcs,38,VMI,fcs,10,-28,Idaho State,-34.5,,,-10.579045247152777,17.420954752847223,6.5,303.4896645007502,42.25,1,1,1,0,0.0,0.0
401868394,2026,1,true,Wofford,fcs,42,The Citadel,fcs,14,-28,Wofford,-7.5,-415,305,-7.177779382402333,20.822220617597665,20.5,433.5648714479093,420.25,1,1,0,0,1.2409638554216866,0.24096385542168663
401868394,2026,1,true,Wofford,fcs,42,The Citadel,fcs,14,-28,Wofford,-7.5,,,-7.177779382402333,20.822220617597665,20.5,433.5648714479093,420.25,1,1,0,0,0.0,0.0
401867855,2026,1,true,Indiana State,fcs,21,Southeast Missouri State,fcs,23,2,Southeast Missouri State,-2.5,-143,115,6.356113703374241,4.356113703374241,4.5,18.975726596724847,20.25,1,0,1,1,2.1500000000000004,1.1500000000000004
401867855,2026,1,true,Indiana State,fcs,21,Southeast Missouri State,fcs,23,2,Southeast Missouri State,-2.5,,,6.356113703374241,4.356113703374241,4.5,18.975726596724847,20.25,1,0,1,1,0.0,0.0
401867988,2026,1,true,Richmond,fcs,35,Bucknell,fcs,14,-21,Richmond,-12.5,-620,420,-6.571641070947382,14.428358929052617,8.5,208.1775413855724,72.25,1,1,0,0,1.1612903225806452,0.16129032258064524
401867988,2026,1,true,Richmond,fcs,35,Bucknell,fcs,14,-21,Richmond,-12.5,,,-6.571641070947382,14.428358929052617,8.5,208.1775413855724,72.25,1,1,0,0,0.0,0.0
401866408,2026,1,true,Eastern Michigan,fbs,28,Sacramento State,fbs,17,-11,Eastern Michigan,-9.5,,,7.401644194453393,18.401644194453393,1.5,338.62050905926026,2.25,0,1,0,0,-1.0,-1.0
401866408,2026,1,true,Eastern Michigan,fbs,28,Sacramento State,fbs,17,-11,Eastern Michigan,-8.5,-355,280,7.401644194453393,18.401644194453393,2.5,338.62050905926026,6.25,0,1,0,0,-1.0,-1.0
401866408,2026,1,true,Eastern Michigan,fbs,28,Sacramento State,fbs,17,-11,Eastern Michigan,-9.0,-330,265,7.401644194453393,18.401644194453393,2.0,338.62050905926026,4.0,0,1,0,0,-1.0,-1.0
401866621,2026,1,true,Tennessee Tech,fcs,38,Monmouth,fcs,14,-24,Tennessee Tech,-8.5,-340,257,1.3769835286431658,25.376983528643166,15.5,643.9912930130265,240.25,0,1,0,0,-1.0,-1.0
401866621,2026,1,true,Tennessee Tech,fcs,38,Monmouth,fcs,14,-24,Tennessee Tech,-8.5,,,1.3769835286431658,25.376983528643166,15.5,643.9912930130265,240.25,0,1,0,0,-1.0,-1.0
401868149,2026,1,true,North Alabama,fcs,22,Samford,fcs,10,-12,North Alabama,-7.0,-313,239,-2.6785147350021763,9.321485264997824,5.0,86.89008754557155,25.0,1,1,0,0,1.3194888178913737,0.31948881789137373
401868149,2026,1,true,North Alabama,fcs,22,Samford,fcs,10,-12,North Alabama,-7.0,,,-2.6785147350021763,9.321485264997824,5.0,86.89008754557155,25.0,1,1,0,0,0.0,0.0
401868049,2026,1,true,Lamar,fcs,21,Abilene Christian,fcs,14,-7,Lamar,7.5,232,-303,-0.9067383497873278,6.093261650212672,14.5,37.12783753795246,210.25,1,0,1,1,3.32,2.32
401868049,2026,1,true,Lamar,fcs,21,Abilene Christian,fcs,14,-7,Lamar,7.5,,,-0.9067383497873278,6.093261650212672,14.5,37.12783753795246,210.25,1,0,1,1,0.0,0.0
401864570,2026,1,true,Florida State,fbs,34,New Mexico State,fbs,17,-17,Florida State,-30.5,,,-40.31643085954013,23.316430859540127,13.5,543.6559480277151,182.25,1,1,0,0,0.0,0.0
401864570,2026,1,true,Florida State,fbs,34,New Mexico State,fbs,17,-17,Florida State,-31.5,-8000,2200,-40.31643085954013,23.316430859540127,14.5,543.6559480277151,210.25,1,1,0,0,1.0125,0.012499999999999956
401864570,2026,1,true,Florida State,fbs,34,New Mexico State,fbs,17,-17,Florida State,-31.0,-100000,2800,-40.31643085954013,23.316430859540127,14.0,543.6559480277151,196.0,1,1,0,0,1.001,0.0009999999999998899
401868139,2026,1,true,Western Carolina,fcs,45,Eastern Kentucky,fcs,21,-24,Western Carolina,-3.0,-152,122,-6.064008322161687,17.935991677838313,21.0,321.6997974674852,441.0,1,1,1,1,1.6578947368421053,0.6578947368421053
401868139,2026,1,true,Western Carolina,fcs,45,Eastern Kentucky,fcs,21,-24,Western Carolina,-3.0,,,-6.064008322161687,17.935991677838313,21.0,321.6997974674852,441.0,1,1,1,1,0.0,0.0
401868305,2026,1,true,McNeese,fcs,27,Stephen F. Austin,fcs,38,11,Stephen F. Austin,12.5,328,-453,1.21252411487163,9.78747588512837,1.5,95.79468420196936,2.25,1,1,1,0,1.2207505518763797,0.2207505518763797
401868305,2026,1,true,McNeese,fcs,27,Stephen F. Austin,fcs,38,11,Stephen F. Austin,12.5,,,1.21252411487163,9.78747588512837,1.5,95.79468420196936,2.25,1,1,1,0,0.0,0.0
401858201,2026,1,true,Stanford,fbs,37,Hawai'i,fbs,27,-10,Stanford,-4.5,-205,170,-0.6252493313813154,9.374750668618685,5.5,87.88595009876647,30.25,1,1,0,0,1.4878048780487805,0.4878048780487805
401858201,2026,1,true,Stanford,fbs,37,Hawai'i,fbs,27,-10,Stanford,-4.5,,,-0.6252493313813154,9.374750668618685,5.5,87.88595009876647,30.25,1,1,0,0,0.0,0.0
401858201,2026,1,true,Stanford,fbs,37,Hawai'i,fbs,27,-10,Stanford,-5.0,-170,145,-0.6252493313813154,9.374750668618685,5.0,87.88595009876647,25.0,1,1,0,0,1.5882352941176472,0.5882352941176472
401874042,2026,1,true,Mercer,fcs,23,East Texas A&M,fcs,15,-8,Mercer,-22.5,-3200,1100,-10.091198211805462,2.0911982118054624,14.5,4.373109961058364,210.25,1,1,1,1,1.03125,0.03125
401874042,2026,1,true,Mercer,fcs,23,East Texas A&M,fcs,15,-8,Mercer,-22.5,,,-10.091198211805462,2.0911982118054624,14.5,4.373109961058364,210.25,1,1,1,1,0.0,0.0
401872615,2026,1,true,South Dakota State,fcs,70,Stetson,fcs,7,-63,South Dakota State,-50.5,,,-17.389050781889175,45.610949218110825,12.5,2080.3586885770846,156.25,1,1,0,0,0.0,0.0
401867977,2026,1,true,Texas Southern,fcs,42,North Carolina Central,fcs,30,-12,Texas Southern,10.5,328,-453,2.203287945370913,14.203287945370914,22.5,201.73338845911871,506.25,0,0,1,1,-1.0,-1.0
401867977,2026,1,true,Texas Southern,fcs,42,North Carolina Central,fcs,30,-12,Texas Southern,10.5,,,2.203287945370913,14.203287945370914,22.5,201.73338845911871,506.25,0,0,1,1,-1.0,-1.0
401867935,2026,1,true,Howard,fcs,31,Alabama A&M,fcs,24,-7,Howard,-1.5,-124,100,0.2849285548582632,7.284928554858263,5.5,53.070184049389304,30.25,0,1,0,0,-1.0,-1.0
401867935,2026,1,true,Howard,fcs,31,Alabama A&M,fcs,24,-7,Howard,1.5,,,0.2849285548582632,7.284928554858263,8.5,53.070184049389304,72.25,0,0,1,1,-1.0,-1.0
401868194,2026,1,true,Tennessee State,fcs,24,Jackson State,fcs,26,2,Jackson State,12.5,435,-650,11.033508824250703,9.033508824250703,10.5,81.60428167781531,110.25,1,1,1,1,1.1538461538461537,0.15384615384615374
401868194,2026,1,true,Tennessee State,fcs,24,Jackson State,fcs,26,2,Jackson State,12.5,,,11.033508824250703,9.033508824250703,10.5,81.60428167781531,110.25,1,1,1,1,0.0,0.0
401868110,2026,1,true,Montana,fcs,28,Southern Utah,fcs,21,-7,Montana,-15.5,-1080,620,-2.9915723616685903,4.00842763833141,8.5,16.067492131739126,72.25,1,1,1,1,1.0925925925925926,0.09259259259259256
401868110,2026,1,true,Montana,fcs,28,Southern Utah,fcs,21,-7,Montana,-15.5,,,-2.9915723616685903,4.00842763833141,8.5,16.067492131739126,72.25,1,1,1,1,0.0,0.0
401868235,2026,1,true,Tarleton State,fcs,49,Prairie View A&M,fcs,30,-19,Tarleton State,-19.5,-1540,770,-5.1399106772053305,13.86008932279467,0.5,192.1020760358468,0.25,1,1,1,0,1.0649350649350648,0.06493506493506485
401868235,2026,1,true,Tarleton State,fcs,49,Prairie View A&M,fcs,30,-19,Tarleton State,-19.5,,,-5.1399106772053305,13.86008932279467,0.5,192.1020760358468,0.25,1,1,1,0,0.0,0.0
401868118,2026,1,true,Utah Tech,fcs,0,Montana State,fcs,54,54,Montana State,32.5,,,15.569943919456358,38.43005608054364,21.5,1476.8692103537294,462.25,1,1,0,0,0.0,0.0
401862693,2026,1,true,UNLV,fbs,21,Memphis,fbs,27,6,Memphis,-4.0,-198,164,0.3850476090749251,5.614952390925075,10.0,31.52769035235522,100.0,1,0,1,1,2.64,1.6400000000000001
401862693,2026,1,true,UNLV,fbs,21,Memphis,fbs,27,6,Memphis,-4.5,,,0.3850476090749251,5.614952390925075,10.5,31.52769035235522,110.25,1,0,1,1,0.0,0.0
401862693,2026,1,true,UNLV,fbs,21,Memphis,fbs,27,6,Memphis,-5.0,-170,145,0.3850476090749251,5.614952390925075,11.0,31.52769035235522,121.0,1,0,1,1,2.45,1.4500000000000002
401858423,2026,1,true,Rutgers,fbs,21,Massachusetts,fbs,37,16,Massachusetts,-29.25,,,-38.42671116448164,54.42671116448164,45.25,2962.2668881819104,2047.5625,0,0,0,0,-1.0,-1.0
401858423,2026,1,true,Rutgers,fbs,21,Massachusetts,fbs,37,16,Massachusetts,-29.5,-8000,2200,-38.42671116448164,54.42671116448164,45.5,2962.2668881819104,2070.25,0,0,0,0,-1.0,-1.0
401867889,2026,1,true,Samford,fcs,18,Southern Illinois,fcs,22,4,Southern Illinois,20.5,730,-1400,8.908672352718655,4.908672352718655,16.5,24.095064266344497,272.25,1,1,1,1,1.0714285714285714,0.0714285714285714
401867889,2026,1,true,Samford,fcs,18,Southern Illinois,fcs,22,4,Southern Illinois,20.5,,,8.908672352718655,4.908672352718655,16.5,24.095064266344497,272.25,1,1,1,1,0.0,0.0
401864424,2026,1,true,Delaware,fbs,42,Merrimack,fcs,7,-35,Delaware,-31.5,-8000,2200,-17.711837598782623,17.288162401217377,3.5,298.8805592108662,12.25,1,1,0,0,1.0125,0.012499999999999956
401864424,2026,1,true,Delaware,fbs,42,Merrimack,fcs,7,-35,Delaware,-31.5,,,-17.711837598782623,17.288162401217377,3.5,298.8805592108662,12.25,1,1,0,0,0.0,0.0
401866622,2026,1,true,Stony Brook,fcs,36,Lindenwood,fcs,32,-4,Stony Brook,-4.0,-189,150,-0.23536805151665585,3.764631948483344,0.0,14.172453707541498,0.0,1,1,0,0,1.529100529100529,0.5291005291005291
401866622,2026,1,true,Stony Brook,fcs,36,Lindenwood,fcs,32,-4,Stony Brook,-4.0,,,-0.23536805151665585,3.764631948483344,0.0,14.172453707541498,0.0,1,1,0,0,0.0,0.0
401856767,2026,1,true,UCF,fbs,73,Bethune-Cookman,fcs,6,-67,UCF,-43.5,,,-32.9926707966827,34.0073292033173,23.5,1156.4984395427975,552.25,1,1,0,0,0.0,0.0
401866409,2026,1,true,Buffalo,fbs,21,UAlbany,fcs,17,-4,Buffalo,-18.5,-1000,650,-8.292920202931157,4.292920202931157,14.5,18.429163868734484,210.25,1,1,1,1,1.1,0.10000000000000009
401866409,2026,1,true,Buffalo,fbs,21,UAlbany,fcs,17,-4,Buffalo,-18.5,,,-8.292920202931157,4.292920202931157,14.5,18.429163868734484,210.25,1,1,1,1,0.0,0.0
401858204,2026,1,true,Wake Forest,fbs,38,Akron,fbs,16,-22,Wake Forest,-27.5,,,-35.74035018331266,13.740350183312657,5.5,188.79722316006016,30.25,1,1,0,0,0.0,0.0
401858204,2026,1,true,Wake Forest,fbs,38,Akron,fbs,16,-22,Wake Forest,-27.5,-3500,1100,-35.74035018331266,13.740350183312657,5.5,188.79722316006016,30.25,1,1,0,0,1.0285714285714285,0.02857142857142847
401858204,2026,1,true,Wake Forest,fbs,38,Akron,fbs,16,-22,Wake Forest,-27.5,-3600,1500,-35.74035018331266,13.740350183312657,5.5,188.79722316006016,30.25,1,1,0,0,1.0277777777777777,0.02777777777777768
401858422,2026,1,true,Minnesota,fbs,59,Eastern Illinois,fcs,7,-52,Minnesota,-42.5,,,-25.243523659761237,26.756476340238763,9.5,715.9090261457567,90.25,1,1,0,0,0.0,0.0
401856776,2026,1,true,Georgia Tech,fbs,13,Colorado,fbs,14,1,Colorado,-6.5,-238,195,-21.664668046879193,22.664668046879193,7.5,513.6871776752267,56.25,0,0,0,0,-1.0,-1.0
401856776,2026,1,true,Georgia Tech,fbs,13,Colorado,fbs,14,1,Colorado,-6.5,,,-21.664668046879193,22.664668046879193,7.5,513.6871776752267,56.25,0,0,0,0,-1.0,-1.0
401856776,2026,1,true,Georgia Tech,fbs,13,Colorado,fbs,14,1,Colorado,-6.5,-290,240,-21.664668046879193,22.664668046879193,7.5,513.6871776752267,56.25,0,0,0,0,-1.0,-1.0
401856663,2026,1,true,Missouri,fbs,54,Arkansas-Pine Bluff,fcs,14,-40,Missouri,-55.5,,,-51.44684961393598,11.446849613935981,15.5,131.03036608406632,240.25,1,1,1,1,0.0,0.0
401858424,2026,1,true,Illinois,fbs,42,UAB,fbs,23,-19,Illinois,-26.5,-8000,1400,-23.132563713243528,4.132563713243528,7.5,17.078082844017132,56.25,1,1,1,1,1.0125,0.012499999999999956
401858424,2026,1,true,Illinois,fbs,42,UAB,fbs,23,-19,Illinois,-25.5,,,-23.132563713243528,4.132563713243528,6.5,17.078082844017132,42.25,1,1,1,1,0.0,0.0
401858424,2026,1,true,Illinois,fbs,42,UAB,fbs,23,-19,Illinois,-25.5,-3600,1500,-23.132563713243528,4.132563713243528,6.5,17.078082844017132,42.25,1,1,1,1,1.0277777777777777,0.02777777777777768
401856768,2026,1,true,Utah,fbs,66,Idaho,fcs,14,-52,Utah,-37.5,-100000,5000,-33.971597969835614,18.028402030164386,14.5,325.02327976123536,210.25,1,1,0,0,1.001,0.0009999999999998899
401856768,2026,1,true,Utah,fbs,66,Idaho,fcs,14,-52,Utah,-38.5,,,-33.971597969835614,18.028402030164386,13.5,325.02327976123536,182.25,1,1,0,0,0.0,0.0
401864495,2026,1,true,Eastern Michigan,fbs,21,San José State,fbs,27,6,San José State,-1.5,-115,-105,3.380206612476311,2.619793387523689,7.5,6.863317393312847,56.25,1,0,1,1,1.9523809523809523,0.9523809523809523
401864495,2026,1,true,Eastern Michigan,fbs,21,San José State,fbs,27,6,San José State,-1.5,,,3.380206612476311,2.619793387523689,7.5,6.863317393312847,56.25,1,0,1,1,0.0,0.0
401864495,2026,1,true,Eastern Michigan,fbs,21,San José State,fbs,27,6,San José State,-1.5,-170,145,3.380206612476311,2.619793387523689,7.5,6.863317393312847,56.25,1,0,1,1,2.45,1.4500000000000002
401858435,2026,1,true,Purdue,fbs,44,Indiana State,fcs,19,-25,Purdue,-35.166666666666664,,,-20.672230398509566,4.327769601490434,10.166666666666664,18.729589723584674,103.36111111111106,1,1,1,1,0.0,0.0
401866623,2026,1,true,Georgia State,fbs,59,North Carolina A&T,fcs,10,-49,Georgia State,-28.5,-4000,1600,-13.609230102120783,35.39076989787922,20.5,1252.5065939646338,420.25,1,1,0,0,1.025,0.02499999999999991
401866623,2026,1,true,Georgia State,fbs,59,North Carolina A&T,fcs,10,-49,Georgia State,-28.25,,,-13.609230102120783,35.39076989787922,20.75,1252.5065939646338,430.5625,1,1,0,0,0.0,0.0
401858429,2026,1,true,Michigan State,fbs,30,Toledo,fbs,20,-10,Michigan State,-10.0,,,-0.32468297308750316,9.675317026912497,0.0,93.61175957126288,0.0,1,1,0,0,0.0,0.0
401858429,2026,1,true,Michigan State,fbs,30,Toledo,fbs,20,-10,Michigan State,-10.0,-410,305,-0.32468297308750316,9.675317026912497,0.0,93.61175957126288,0.0,1,1,0,0,1.2439024390243902,0.24390243902439024
401858429,2026,1,true,Michigan State,fbs,30,Toledo,fbs,20,-10,Michigan State,-10.0,-410,320,-0.32468297308750316,9.675317026912497,0.0,93.61175957126288,0.0,1,1,0,0,1.2439024390243902,0.24390243902439024
401856664,2026,1,true,Oklahoma,fbs,51,UTEP,fbs,0,-51,Oklahoma,-40.666666666666664,,,-33.720456575257245,17.279543424742755,10.333333333333336,298.58262096757056,106.77777777777783,1,1,0,0,0.0,0.0
401856769,2026,1,true,Kansas,fbs,51,Long Island University,fcs,6,-45,Kansas,-43.666666666666664,,,-31.70040827070956,13.29959172929044,1.3333333333333357,176.8791401658107,1.7777777777777841,1,1,0,0,0.0,0.0
401858436,2026,1,true,USC,fbs,39,Fresno State,fbs,0,-39,USC,-21.5,-1800,1000,-36.07388697097259,2.9261130290274124,17.5,8.562137458643978,306.25,1,1,1,1,1.0555555555555556,0.05555555555555558
401858436,2026,1,true,USC,fbs,39,Fresno State,fbs,0,-39,USC,-22.5,-3500,1100,-36.07388697097259,2.9261130290274124,16.5,8.562137458643978,272.25,1,1,1,1,1.0285714285714285,0.02857142857142847
401858436,2026,1,true,USC,fbs,39,Fresno State,fbs,0,-39,USC,-21.5,,,-36.07388697097259,2.9261130290274124,17.5,8.562137458643978,306.25,1,1,1,1,0.0,0.0
401858206,2026,1,true,Stanford,fbs,6,Miami,fbs,45,39,Miami,24.5,1600,-4000,33.19200950102784,5.80799049897216,14.5,33.732753636150875,210.25,1,1,1,1,1.025,0.02499999999999991
401858206,2026,1,true,Stanford,fbs,6,Miami,fbs,45,39,Miami,24.5,1100,-3500,33.19200950102784,5.80799049897216,14.5,33.732753636150875,210.25,1,1,1,1,1.0285714285714285,0.02857142857142847
401858206,2026,1,true,Stanford,fbs,6,Miami,fbs,45,39,Miami,24.5,,,33.19200950102784,5.80799049897216,14.5,33.732753636150875,210.25,1,1,1,1,0.0,0.0
401856778,2026,1,true,Houston,fbs,33,Oregon State,fbs,20,-13,Houston,-20.5,-1300,725,-5.20523568914834,7.79476431085166,7.5,60.75835066172675,56.25,1,1,1,0,1.0769230769230769,0.07692307692307687
401856778,2026,1,true,Houston,fbs,33,Oregon State,fbs,20,-13,Houston,-21.0,-1450,850,-5.20523568914834,7.79476431085166,8.0,60.75835066172675,64.0,1,1,1,1,1.0689655172413792,0.06896551724137923
401856778,2026,1,true,Houston,fbs,33,Oregon State,fbs,20,-13,Houston,-21.0,,,-5.20523568914834,7.79476431085166,8.0,60.75835066172675,64.0,1,1,1,1,0.0,0.0
401869960,2026,1,true,James Madison,fbs,20,Liberty,fbs,13,-7,James Madison,-6.0,-225,185,-13.438336749545623,6.438336749545623,1.0,41.452180100549704,1.0,1,1,1,0,1.4444444444444444,0.4444444444444444
401869960,2026,1,true,James Madison,fbs,20,Liberty,fbs,13,-7,James Madison,-6.0,-250,210,-13.438336749545623,6.438336749545623,1.0,41.452180100549704,1.0,1,1,1,0,1.4,0.3999999999999999
401869960,2026,1,true,James Madison,fbs,20,Liberty,fbs,13,-7,James Madison,-6.0,,,-13.438336749545623,6.438336749545623,1.0,41.452180100549704,1.0,1,1,1,0,0.0,0.0
401866410,2026,1,true,Bowling Green,fbs,13,Tarleton State,fcs,20,7,Tarleton State,-1.5,-120,100,-1.8440159695629355,8.844015969562935,8.5,78.21661846988422,72.25,0,0,0,0,-1.0,-1.0
401866410,2026,1,true,Bowling Green,fbs,13,Tarleton State,fcs,20,7,Tarleton State,-2.0,-125,105,-1.8440159695629355,8.844015969562935,9.0,78.21661846988422,81.0,0,0,1,1,-1.0,-1.0
401866410,2026,1,true,Bowling Green,fbs,13,Tarleton State,fcs,20,7,Tarleton State,-1.5,,,-1.8440159695629355,8.844015969562935,8.5,78.21661846988422,72.25,0,0,0,0,-1.0,-1.0
401856780,2026,1,true,West Virginia,fbs,31,Coastal Carolina,fbs,24,-7,West Virginia,-21.0,-1725,-100000,-17.64920350352904,10.64920350352904,14.0,113.40553525957519,196.0,1,1,1,1,1.0579710144927537,0.05797101449275366
401856780,2026,1,true,West Virginia,fbs,31,Coastal Carolina,fbs,24,-7,West Virginia,-21.0,,,-17.64920350352904,10.64920350352904,14.0,113.40553525957519,196.0,1,1,1,1,0.0,0.0
401856780,2026,1,true,West Virginia,fbs,31,Coastal Carolina,fbs,24,-7,West Virginia,-21.0,-1450,850,-17.64920350352904,10.64920350352904,14.0,113.40553525957519,196.0,1,1,1,1,1.0689655172413792,0.06896551724137923
401861962,2026,1,true,UConn,fbs,56,Lafayette,fcs,7,-49,UConn,-21.5,-1800,1000,-25.99972164942148,23.00027835057852,27.5,529.0128042040909,756.25,1,1,1,1,1.0555555555555556,0.05555555555555558
401861962,2026,1,true,UConn,fbs,56,Lafayette,fcs,7,-49,UConn,-19.5,-1300,725,-25.99972164942148,23.00027835057852,29.5,529.0128042040909,870.25,1,1,1,1,1.0769230769230769,0.07692307692307687
401861962,2026,1,true,UConn,fbs,56,Lafayette,fcs,7,-49,UConn,-21.5,,,-25.99972164942148,23.00027835057852,27.5,529.0128042040909,756.25,1,1,1,1,0.0,0.0
401862701,2026,1,true,Army,fbs,59,Bryant,fcs,3,-56,Army,-37.333333333333336,,,-5.255129859064684,50.74487014093532,18.666666666666664,2575.041845620389,348.44444444444434,1,1,0,0,0.0,0.0
401858425,2026,1,true,Indiana,fbs,52,North Texas,fbs,16,-36,Indiana,-39.833333333333336,,,-25.267953498237624,10.732046501762376,3.8333333333333357,115.17682211599005,14.694444444444462,1,1,1,0,0.0,0.0
401858430,2026,1,true,Nebraska,fbs,49,Ohio,fbs,21,-28,Nebraska,-23.5,-2100,1100,-9.03312422969359,18.96687577030641,4.5,359.7423764862363,20.25,1,1,0,0,1.0476190476190477,0.04761904761904767
401858430,2026,1,true,Nebraska,fbs,49,Ohio,fbs,21,-28,Nebraska,-23.5,,,-9.03312422969359,18.96687577030641,4.5,359.7423764862363,20.25,1,1,0,0,0.0,0.0
401858430,2026,1,true,Nebraska,fbs,49,Ohio,fbs,21,-28,Nebraska,-24.0,-2800,1100,-9.03312422969359,18.96687577030641,4.0,359.7423764862363,16.0,1,1,0,0,1.0357142857142858,0.03571428571428581
401858208,2026,1,true,Syracuse,fbs,66,New Hampshire,fcs,3,-63,Syracuse,-35.5,-100000,5000,-24.703506800038788,38.29649319996121,27.5,1466.6213914146754,756.25,1,1,0,0,1.001,0.0009999999999998899
401858208,2026,1,true,Syracuse,fbs,66,New Hampshire,fcs,3,-63,Syracuse,-35.0,,,-24.703506800038788,38.29649319996121,28.0,1466.6213914146754,784.0,1,1,0,0,0.0,0.0
401856634,2026,1,true,Alabama,fbs,48,East Carolina,fbs,10,-38,Alabama,-28.0,-7500,1400,-23.705938864487784,14.294061135512216,10.0,204.32018374576077,100.0,1,1,0,0,1.0133333333333334,0.01333333333333342
401856634,2026,1,true,Alabama,fbs,48,East Carolina,fbs,10,-38,Alabama,-27.5,-5000,1800,-23.705938864487784,14.294061135512216,10.5,204.32018374576077,110.25,1,1,0,0,1.02,0.020000000000000018
401856634,2026,1,true,Alabama,fbs,48,East Carolina,fbs,10,-38,Alabama,-28.5,,,-23.705938864487784,14.294061135512216,9.5,204.32018374576077,90.25,1,1,0,0,0.0,0.0
401868017,2026,1,true,Georgetown,fcs,14,Lehigh,fcs,45,31,Lehigh,22.5,870,-1920,8.057808084459543,22.942191915540455,8.5,526.3441698894899,72.25,1,1,0,0,1.0520833333333333,0.05208333333333326
401868017,2026,1,true,Georgetown,fcs,14,Lehigh,fcs,45,31,Lehigh,22.5,,,8.057808084459543,22.942191915540455,8.5,526.3441698894899,72.25,1,1,0,0,0.0,0.0
401858207,2026,1,true,Pittsburgh,fbs,59,Miami (OH),fbs,14,-45,Pittsburgh,-16.0,-800,525,-21.337290510554364,23.662709489445636,29.0,559.9238203819006,841.0,1,1,1,1,1.125,0.125
401858207,2026,1,true,Pittsburgh,fbs,59,Miami (OH),fbs,14,-45,Pittsburgh,-16.5,,,-21.337290510554364,23.662709489445636,28.5,559.9238203819006,812.25,1,1,1,1,0.0,0.0
401858207,2026,1,true,Pittsburgh,fbs,59,Miami (OH),fbs,14,-45,Pittsburgh,-16.5,-850,575,-21.337290510554364,23.662709489445636,28.5,559.9238203819006,812.25,1,1,1,1,1.1176470588235294,0.11764705882352944
401858432,2026,1,true,Ohio State,fbs,56,Ball State,fbs,3,-53,Ohio State,-50.333333333333336,,,-61.548782128783714,8.548782128783714,2.6666666666666643,73.0816758854118,7.111111111111098,1,1,1,0,0.0,0.0
401856665,2026,1,true,South Carolina,fbs,57,Kent State,fbs,0,-57,South Carolina,-36.5,-100000,-100000,-39.124037736717675,17.875962263282325,20.5,319.5500268382938,420.25,1,1,1,1,1.001,0.0009999999999998899
401856665,2026,1,true,South Carolina,fbs,57,Kent State,fbs,0,-57,South Carolina,-35.5,,,-39.124037736717675,17.875962263282325,21.5,319.5500268382938,462.25,1,1,1,1,0.0,0.0
401856665,2026,1,true,South Carolina,fbs,57,Kent State,fbs,0,-57,South Carolina,-35.5,-50000,4000,-39.124037736717675,17.875962263282325,21.5,319.5500268382938,462.25,1,1,1,1,1.002,0.0020000000000000018
401864496,2026,1,true,Air Force,fbs,34,Duquesne,fcs,0,-34,Air Force,-30.0,,,-7.198684278101897,26.801315721898103,4.0,718.3105244248625,16.0,1,1,0,0,0.0,0.0
401864496,2026,1,true,Air Force,fbs,34,Duquesne,fcs,0,-34,Air Force,-31.5,-6500,2000,-7.198684278101897,26.801315721898103,2.5,718.3105244248625,6.25,1,1,0,0,1.0153846153846153,0.01538461538461533
401868000,2026,1,true,Colgate,fcs,35,Holy Cross,fcs,10,-25,Colgate,-4.5,-185,147,-2.2249814096938563,22.775018590306143,20.5,518.7014717887904,420.25,1,1,0,0,1.5405405405405406,0.5405405405405406
401868000,2026,1,true,Colgate,fcs,35,Holy Cross,fcs,10,-25,Colgate,-4.5,,,-2.2249814096938563,22.775018590306143,20.5,518.7014717887904,420.25,1,1,0,0,0.0,0.0
401856659,2026,1,true,Kentucky,fbs,45,Youngstown State,fcs,13,-32,Kentucky,-22.5,-1600,900,-25.57930823299323,6.420691767006769,9.5,41.22528276690851,90.25,1,1,1,1,1.0625,0.0625
401856659,2026,1,true,Kentucky,fbs,45,Youngstown State,fcs,13,-32,Kentucky,-22.0,-2200,1000,-25.57930823299323,6.420691767006769,10.0,41.22528276690851,100.0,1,1,1,1,1.0454545454545454,0.045454545454545414
401856659,2026,1,true,Kentucky,fbs,45,Youngstown State,fcs,13,-32,Kentucky,-22.5,,,-25.57930823299323,6.420691767006769,9.5,41.22528276690851,90.25,1,1,1,1,0.0,0.0
401856779,2026,1,true,Iowa State,fbs,38,Southeast Missouri State,fcs,10,-28,Iowa State,-29.5,-9000,2500,-30.807515164313443,2.8075151643134433,1.5,7.88214139784994,2.25,1,1,0,0,1.011111111111111,0.011111111111111072
401856779,2026,1,true,Iowa State,fbs,38,Southeast Missouri State,fcs,10,-28,Iowa State,-29.5,,,-30.807515164313443,2.8075151643134433,1.5,7.88214139784994,2.25,1,1,0,0,0.0,0.0
401868186,2026,1,true,Wofford,fcs,17,Gardner-Webb,fcs,13,-4,Wofford,-8.5,-300,230,-2.8100664444103023,1.1899335555896977,4.5,1.41594186671834,20.25,1,1,1,1,1.3333333333333333,0.33333333333333326
401868186,2026,1,true,Wofford,fcs,17,Gardner-Webb,fcs,13,-4,Wofford,-8.5,,,-2.8100664444103023,1.1899335555896977,4.5,1.41594186671834,20.25,1,1,1,1,0.0,0.0
401866624,2026,1,true,Monmouth,fcs,31,Sacred Heart,fcs,24,-7,Monmouth,-12.5,-640,432,-9.847024178977225,2.8470241789772253,5.5,8.105546675680944,30.25,1,1,1,1,1.15625,0.15625
401866624,2026,1,true,Monmouth,fcs,31,Sacred Heart,fcs,24,-7,Monmouth,-11.5,,,-9.847024178977225,2.8470241789772253,4.5,8.105546675680944,20.25,1,1,1,1,0.0,0.0
401862698,2026,1,true,Temple,fbs,38,Rhode Island,fcs,14,-24,Temple,-14.5,-700,500,-0.5293356905244071,23.470664309475595,9.5,550.8720831280915,90.25,1,1,0,0,1.1428571428571428,0.1428571428571428
401862698,2026,1,true,Temple,fbs,38,Rhode Island,fcs,14,-24,Temple,-14.5,-700,475,-0.5293356905244071,23.470664309475595,9.5,550.8720831280915,90.25,1,1,0,0,1.1428571428571428,0.1428571428571428
401862698,2026,1,true,Temple,fbs,38,Rhode Island,fcs,14,-24,Temple,-14.5,,,-0.5293356905244071,23.470664309475595,9.5,550.8720831280915,90.25,1,1,0,0,0.0,0.0
401868111,2026,1,true,Montana,fcs,45,Drake,fcs,10,-35,Montana,-35.5,,,-1.5039879397173777,33.496012060282624,0.5,1121.982823942599,0.25,1,1,1,0,0.0,0.0
401856658,2026,1,true,Georgia,fbs,63,Tennessee State,fcs,3,-60,Georgia,-49.333333333333336,,,-55.03458288130196,4.965417118698042,10.666666666666664,24.655367162659566,113.77777777777773,1,1,1,1,0.0,0.0
401858209,2026,1,true,Duke,fbs,17,Tulane,fbs,3,-14,Duke,-9.5,-380,300,1.3153334171563493,15.31533341715635,4.5,234.55943767866597,20.25,0,1,0,0,-1.0,-1.0
401858209,2026,1,true,Duke,fbs,17,Tulane,fbs,3,-14,Duke,-8.0,-480,350,1.3153334171563493,15.31533341715635,6.0,234.55943767866597,36.0,0,1,0,0,-1.0,-1.0
401858209,2026,1,true,Duke,fbs,17,Tulane,fbs,3,-14,Duke,-9.5,,,1.3153334171563493,15.31533341715635,4.5,234.55943767866597,20.25,0,1,0,0,-1.0,-1.0
401862696,2026,1,true,Navy,fbs,42,Towson,fcs,15,-27,Navy,-31.5,-100000,5000,-14.810407818330193,12.189592181669807,4.5,148.5861575554257,20.25,1,1,1,0,1.001,0.0009999999999998899
401862696,2026,1,true,Navy,fbs,42,Towson,fcs,15,-27,Navy,-31.0,,,-14.810407818330193,12.189592181669807,4.0,148.5861575554257,16.0,1,1,1,0,0.0,0.0
401858434,2026,1,true,Penn State,fbs,45,Marshall,fbs,0,-45,Penn State,-23.0,-3500,1100,-32.3141109119476,12.685889088052399,22.0,160.93178195436693,484.0,1,1,1,1,1.0285714285714285,0.02857142857142847
401858434,2026,1,true,Penn State,fbs,45,Marshall,fbs,0,-45,Penn State,-23.5,,,-32.3141109119476,12.685889088052399,21.5,160.93178195436693,462.25,1,1,1,1,0.0,0.0
401858434,2026,1,true,Penn State,fbs,45,Marshall,fbs,0,-45,Penn State,-23.5,-1800,1000,-32.3141109119476,12.685889088052399,21.5,160.93178195436693,462.25,1,1,1,1,1.0555555555555556,0.05555555555555558
401862694,2026,1,true,Charlotte,fbs,41,The Citadel,fcs,43,2,The Citadel,-20.5,-1650,950,-5.394604599450471,7.394604599450471,22.5,54.68017718221406,506.25,0,0,1,1,-1.0,-1.0
401862694,2026,1,true,Charlotte,fbs,41,The Citadel,fcs,43,2,The Citadel,-20.5,,,-5.394604599450471,7.394604599450471,22.5,54.68017718221406,506.25,0,0,1,1,-1.0,-1.0
401862694,2026,1,true,Charlotte,fbs,41,The Citadel,fcs,43,2,The Citadel,-20.5,-1400,750,-5.394604599450471,7.394604599450471,22.5,54.68017718221406,506.25,0,0,1,1,-1.0,-1.0
401856666,2026,1,true,Tennessee,fbs,56,Furman,fcs,9,-47,Tennessee,-49.333333333333336,,,-53.1931774539757,6.1931774539757,2.3333333333333357,38.35544697643294,5.444444444444455,1,1,0,0,0.0,0.0
401856777,2026,1,true,Cincinnati,fbs,34,Boston College,fbs,15,-19,Cincinnati,-7.0,-278,225,-12.993883271893555,6.006116728106445,12.0,36.07343815164007,144.0,1,1,1,1,1.3597122302158273,0.3597122302158273
401856777,2026,1,true,Cincinnati,fbs,34,Boston College,fbs,15,-19,Cincinnati,-7.0,,,-12.993883271893555,6.006116728106445,12.0,36.07343815164007,144.0,1,1,1,1,0.0,0.0
401856777,2026,1,true,Cincinnati,fbs,34,Boston College,fbs,15,-19,Cincinnati,-7.0,-270,220,-12.993883271893555,6.006116728106445,12.0,36.07343815164007,144.0,1,1,1,1,1.3703703703703702,0.37037037037037024
401856667,2026,1,true,Texas,fbs,59,Texas State,fbs,7,-52,Texas,-29.5,-9000,2500,-13.836512748214748,38.163487251785256,22.5,1456.4517592171758,506.25,1,1,0,0,1.011111111111111,0.011111111111111072
401856667,2026,1,true,Texas,fbs,59,Texas State,fbs,7,-52,Texas,-29.5,,,-13.836512748214748,38.163487251785256,22.5,1456.4517592171758,506.25,1,1,0,0,0.0,0.0
401856667,2026,1,true,Texas,fbs,59,Texas State,fbs,7,-52,Texas,-29.5,-10000,2500,-13.836512748214748,38.163487251785256,22.5,1456.4517592171758,506.25,1,1,0,0,1.01,0.010000000000000009
401856636,2026,1,true,Auburn,fbs,17,Baylor,fbs,16,-1,Auburn,-6.5,-270,220,-11.264286747298526,10.264286747298526,5.5,105.35558243076815,30.25,1,1,0,0,1.3703703703703702,0.37037037037037024
401856636,2026,1,true,Auburn,fbs,17,Baylor,fbs,16,-1,Auburn,-6.5,,,-11.264286747298526,10.264286747298526,5.5,105.35558243076815,30.25,1,1,0,0,0.0,0.0
401864499,2026,1,true,North Dakota State,fbs,38,Fordham,fcs,0,-38,North Dakota State,-41.5,,,-41.12455691794669,3.124556917946691,3.5,9.762855933488526,12.25,1,1,1,1,0.0,0.0
401866627,2026,1,true,App State,fbs,55,Maine,fcs,3,-52,App State,-20.5,-1450,850,-15.566424300114663,36.43357569988534,31.5,1327.4054382792754,992.25,1,1,0,0,1.0689655172413792,0.06896551724137923
401866627,2026,1,true,App State,fbs,55,Maine,fcs,3,-52,App State,-21.0,,,-15.566424300114663,36.43357569988534,31.0,1327.4054382792754,961.0,1,1,0,0,0.0,0.0
401866627,2026,1,true,App State,fbs,55,Maine,fcs,3,-52,App State,-21.0,-1300,725,-15.566424300114663,36.43357569988534,31.0,1327.4054382792754,961.0,1,1,0,0,1.0769230769230769,0.07692307692307687
401858433,2026,1,true,Oregon,fbs,34,Boise State,fbs,27,-7,Oregon,-24.5,-2800,1300,-23.683752233871257,16.683752233871257,17.5,278.34758860120417,306.25,1,1,1,1,1.0357142857142858,0.03571428571428581
401858433,2026,1,true,Oregon,fbs,34,Boise State,fbs,27,-7,Oregon,-25.0,-3300,1100,-23.683752233871257,16.683752233871257,18.0,278.34758860120417,324.0,1,1,1,1,1.0303030303030303,0.030303030303030276
401858433,2026,1,true,Oregon,fbs,34,Boise State,fbs,27,-7,Oregon,-24.5,,,-23.683752233871257,16.683752233871257,17.5,278.34758860120417,306.25,1,1,1,1,0.0,0.0
401856772,2026,1,true,Tulsa,fbs,24,Oklahoma State,fbs,10,-14,Tulsa,13.5,410,-550,-5.44174729110247,8.55825270889753,27.5,73.24368942935192,756.25,1,0,1,1,5.1,4.1
401856772,2026,1,true,Tulsa,fbs,24,Oklahoma State,fbs,10,-14,Tulsa,13.5,,,-5.44174729110247,8.55825270889753,27.5,73.24368942935192,756.25,1,0,1,1,0.0,0.0
401856772,2026,1,true,Tulsa,fbs,24,Oklahoma State,fbs,10,-14,Tulsa,13.0,390,-550,-5.44174729110247,8.55825270889753,27.0,73.24368942935192,729.0,1,0,1,1,4.9,3.9000000000000004
401867875,2026,1,true,North Dakota,fcs,62,St. Thomas (MN),fcs,26,-36,North Dakota,-28.5,,,-2.075597770964583,33.924402229035415,7.5,1150.865066597383,56.25,1,1,0,0,0.0,0.0
401858426,2026,1,true,Iowa,fbs,40,Northern Illinois,fbs,0,-40,Iowa,-32.0,-100000,4500,-24.885746773713397,15.114253226286603,8.0,228.440650588315,64.0,1,1,0,0,1.001,0.0009999999999998899
401858426,2026,1,true,Iowa,fbs,40,Northern Illinois,fbs,0,-40,Iowa,-31.5,,,-24.885746773713397,15.114253226286603,8.5,228.440650588315,72.25,1,1,0,0,0.0,0.0
401858426,2026,1,true,Iowa,fbs,40,Northern Illinois,fbs,0,-40,Iowa,-31.5,-10000,3000,-24.885746773713397,15.114253226286603,8.5,228.440650588315,72.25,1,1,0,0,1.01,0.010000000000000009
401856635,2026,1,true,Arkansas,fbs,31,North Alabama,fcs,14,-17,Arkansas,-40.5,,,-48.32615805512549,31.32615805512549,23.5,981.3281784947036,552.25,1,1,0,0,0.0,0.0
401868356,2026,1,true,Southern Miss,fbs,49,Alcorn State,fcs,3,-46,Southern Miss,-19.5,-1600,900,-1.4750820644299125,44.52491793557009,26.5,1982.468317169251,702.25,1,1,0,0,1.0625,0.0625
401868356,2026,1,true,Southern Miss,fbs,49,Alcorn State,fcs,3,-46,Southern Miss,-20.5,,,-1.4750820644299125,44.52491793557009,25.5,1982.468317169251,650.25,1,1,0,0,0.0,0.0
401868356,2026,1,true,Southern Miss,fbs,49,Alcorn State,fcs,3,-46,Southern Miss,-19.5,-1400,750,-1.4750820644299125,44.52491793557009,26.5,1982.468317169251,702.25,1,1,0,0,1.0714285714285714,0.0714285714285714
401867973,2026,1,true,Old Dominion,fbs,31,Norfolk State,fcs,10,-21,Old Dominion,-41.333333333333336,,,-28.00217178956705,7.0021717895670506,20.333333333333336,49.03040977060863,413.4444444444445,1,1,1,1,0.0,0.0
401868274,2026,1,true,Mercer,fcs,62,Presbyterian,fcs,3,-59,Mercer,-22.5,-2100,920,1.8264217184985645,60.826421718498565,36.5,3699.853579076634,1332.25,0,1,0,0,-1.0,-1.0
401868274,2026,1,true,Mercer,fcs,62,Presbyterian,fcs,3,-59,Mercer,-22.5,,,1.8264217184985645,60.826421718498565,36.5,3699.853579076634,1332.25,0,1,0,0,-1.0,-1.0
401868336,2026,1,true,Chattanooga,fcs,9,Tennessee Tech,fcs,24,15,Tennessee Tech,10.5,358,-504,3.0148743232839976,11.985125676716002,4.5,143.6432374866772,20.25,1,1,0,0,1.1984126984126984,0.19841269841269837
401868336,2026,1,true,Chattanooga,fcs,9,Tennessee Tech,fcs,24,15,Tennessee Tech,10.5,,,3.0148743232839976,11.985125676716002,4.5,143.6432374866772,20.25,1,1,0,0,0.0,0.0
401860878,2026,1,true,Colorado State,fbs,35,Wyoming,fbs,13,-22,Colorado State,-2.5,-142,120,-6.077602983948392,15.922397016051608,19.5,253.52272673676916,380.25,1,1,1,1,1.704225352112676,0.704225352112676
401860878,2026,1,true,Colorado State,fbs,35,Wyoming,fbs,13,-22,Colorado State,-2.5,,,-6.077602983948392,15.922397016051608,19.5,253.52272673676916,380.25,1,1,1,1,0.0,0.0
401860878,2026,1,true,Colorado State,fbs,35,Wyoming,fbs,13,-22,Colorado State,-3.0,-180,155,-6.077602983948392,15.922397016051608,19.0,253.52272673676916,361.0,1,1,1,1,1.5555555555555556,0.5555555555555556
401869127,2026,1,true,Howard,fcs,21,Richmond,fcs,28,7,Richmond,14.0,453,-680,5.51568218549487,1.48431781450513,7.0,2.2031993744572853,49.0,1,1,1,1,1.1470588235294117,0.1470588235294117
401869127,2026,1,true,Howard,fcs,21,Richmond,fcs,28,7,Richmond,14.0,,,5.51568218549487,1.48431781450513,7.0,2.2031993744572853,49.0,1,1,1,1,0.0,0.0
401867989,2026,1,true,Bucknell,fcs,16,Villanova,fcs,17,1,Villanova,22.5,1160,-3700,4.051913883506025,3.0519138835060247,21.5,9.314178352336825,462.25,1,1,1,1,1.027027027027027,0.027027027027026973
401867989,2026,1,true,Bucknell,fcs,16,Villanova,fcs,17,1,Villanova,22.5,,,4.051913883506025,3.0519138835060247,21.5,9.314178352336825,462.25,1,1,1,1,0.0,0.0
401866626,2026,1,true,Davidson,fcs,0,Elon,fcs,38,38,Elon,32.5,,,5.146824009442085,32.853175990557915,5.5,1079.331172666571,30.25,1,1,0,0,0.0,0.0
401867692,2026,1,true,William & Mary,fcs,22,Delaware State,fcs,15,-7,William & Mary,-9.5,-348,262,-2.0681499302722903,4.93185006972771,2.5,24.323145110273213,6.25,1,1,1,0,1.2873563218390804,0.28735632183908044
401867692,2026,1,true,William & Mary,fcs,22,Delaware State,fcs,15,-7,William & Mary,-9.5,,,-2.0681499302722903,4.93185006972771,2.5,24.323145110273213,6.25,1,1,1,0,0.0,0.0
401860880,2026,1,true,Utah State,fbs,17,Idaho State,fcs,29,12,Idaho State,-15.5,-650,470,-20.395167552506486,32.395167552506486,27.5,1049.446880754969,756.25,0,0,0,0,-1.0,-1.0
401860880,2026,1,true,Utah State,fbs,17,Idaho State,fcs,29,12,Idaho State,-15.5,,,-20.395167552506486,32.395167552506486,27.5,1049.446880754969,756.25,0,0,0,0,-1.0,-1.0
401860880,2026,1,true,Utah State,fbs,17,Idaho State,fcs,29,12,Idaho State,-14.5,-600,425,-20.395167552506486,32.395167552506486,26.5,1049.446880754969,702.25,0,0,0,0,-1.0,-1.0
401862697,2026,1,true,Rice,fbs,31,Houston Christian,fcs,3,-28,Rice,-22.5,-2400,1200,-12.19793920635189,15.80206079364811,5.5,249.70512532615072,30.25,1,1,0,0,1.0416666666666667,0.04166666666666674
401862697,2026,1,true,Rice,fbs,31,Houston Christian,fcs,3,-28,Rice,-22.5,,,-12.19793920635189,15.80206079364811,5.5,249.70512532615072,30.25,1,1,0,0,0.0,0.0
401862697,2026,1,true,Rice,fbs,31,Houston Christian,fcs,3,-28,Rice,-23.0,-2000,950,-12.19793920635189,15.80206079364811,5.0,249.70512532615072,25.0,1,1,0,0,1.05,0.050000000000000044
401856668,2026,1,true,Texas A&M,fbs,50,Missouri State,fbs,0,-50,Texas A&M,-39.166666666666664,,,-37.23550912925908,12.764490870740921,10.833333333333336,162.9322271892283,117.36111111111116,1,1,0,0,0.0,0.0
401862699,2026,1,true,South Florida,fbs,19,Florida International,fbs,9,-10,South Florida,-14.5,-460,340,-21.42897759324041,11.428977593240411,4.5,130.62152882679138,20.25,1,1,0,0,1.2173913043478262,0.21739130434782616
401862699,2026,1,true,South Florida,fbs,19,Florida International,fbs,9,-10,South Florida,-14.5,-650,470,-21.42897759324041,11.428977593240411,4.5,130.62152882679138,20.25,1,1,0,0,1.1538461538461537,0.15384615384615374
401862699,2026,1,true,South Florida,fbs,19,Florida International,fbs,9,-10,South Florida,-14.5,,,-21.42897759324041,11.428977593240411,4.5,130.62152882679138,20.25,1,1,0,0,0.0,0.0
401868316,2026,1,true,South Alabama,fbs,39,SE Louisiana,fcs,14,-25,South Alabama,-13.5,-575,425,-18.425237547803064,6.574762452196936,11.5,43.227501302818666,132.25,1,1,1,1,1.1739130434782608,0.17391304347826075
401868316,2026,1,true,South Alabama,fbs,39,SE Louisiana,fcs,14,-25,South Alabama,-13.5,,,-18.425237547803064,6.574762452196936,11.5,43.227501302818666,132.25,1,1,1,1,0.0,0.0
401868316,2026,1,true,South Alabama,fbs,39,SE Louisiana,fcs,14,-25,South Alabama,-14.0,-510,370,-18.425237547803064,6.574762452196936,11.0,43.227501302818666,121.0,1,1,1,1,1.196078431372549,0.196078431372549
401870763,2026,1,true,Troy,fbs,24,Sam Houston,fbs,21,-3,Troy,-16.5,-1300,725,-21.83922499561004,18.83922499561004,13.5,354.91639843521807,182.25,1,1,0,0,1.0769230769230769,0.07692307692307687
401870763,2026,1,true,Troy,fbs,24,Sam Houston,fbs,21,-3,Troy,-15.5,,,-21.83922499561004,18.83922499561004,12.5,354.91639843521807,156.25,1,1,0,0,0.0,0.0
401870763,2026,1,true,Troy,fbs,24,Sam Houston,fbs,21,-3,Troy,-16.5,-850,575,-21.83922499561004,18.83922499561004,13.5,354.91639843521807,182.25,1,1,0,0,1.1176470588235294,0.11764705882352944
401856770,2026,1,true,Texas Tech,fbs,33,Abilene Christian,fcs,10,-23,Texas Tech,-45.166666666666664,,,-38.12966449062968,15.129664490629679,22.166666666666664,228.90674759902063,491.36111111111103,1,1,1,1,0.0,0.0
401868085,2026,1,true,Eastern Washington,fcs,34,Northern Iowa,fcs,24,-10,Eastern Washington,-7.0,-280,216,-0.0404987445607361,9.959501255439264,3.0,99.19166525709628,9.0,1,1,0,0,1.3571428571428572,0.3571428571428572
401868085,2026,1,true,Eastern Washington,fcs,34,Northern Iowa,fcs,24,-10,Eastern Washington,-7.0,,,-0.0404987445607361,9.959501255439264,3.0,99.19166525709628,9.0,1,1,0,0,0.0,0.0
401856771,2026,1,true,Kansas State,fbs,71,Nicholls,fcs,3,-68,Kansas State,-41.333333333333336,,,-34.70555393124017,33.29444606875983,26.666666666666664,1108.520139025557,711.111111111111,1,1,0,0,0.0,0.0
401862695,2026,1,true,Memphis,fbs,42,Arkansas State,fbs,24,-18,Memphis,-10.5,-340,270,-28.62447611842937,10.62447611842937,7.5,112.87949279107603,56.25,1,1,1,0,1.2941176470588236,0.2941176470588236
401862695,2026,1,true,Memphis,fbs,42,Arkansas State,fbs,24,-18,Memphis,-10.5,-395,310,-28.62447611842937,10.62447611842937,7.5,112.87949279107603,56.25,1,1,1,0,1.2531645569620253,0.25316455696202533
401862695,2026,1,true,Memphis,fbs,42,Arkansas State,fbs,24,-18,Memphis,-10.5,,,-28.62447611842937,10.62447611842937,7.5,112.87949279107603,56.25,1,1,1,0,0.0,0.0
401868170,2026,1,true,Georgia Southern,fbs,31,Charleston Southern,fcs,0,-31,Georgia Southern,-28.5,-5000,1800,-18.379671129865766,12.620328870134234,2.5,159.27270079034363,6.25,1,1,0,0,1.02,0.020000000000000018
401868170,2026,1,true,Georgia Southern,fbs,31,Charleston Southern,fcs,0,-31,Georgia Southern,-28.5,,,-18.379671129865766,12.620328870134234,2.5,159.27270079034363,6.25,1,1,0,0,0.0,0.0
401868170,2026,1,true,Georgia Southern,fbs,31,Charleston Southern,fcs,0,-31,Georgia Southern,-28.0,-4000,1200,-18.379671129865766,12.620328870134234,3.0,159.27270079034363,9.0,1,1,0,0,1.025,0.02499999999999991
401856669,2026,1,true,Vanderbilt,fbs,28,Austin Peay,fcs,9,-19,Vanderbilt,-28.5,-6500,2000,-33.75861444210139,14.75861444210139,9.5,217.81670025060373,90.25,1,1,0,0,1.0153846153846153,0.01538461538461533
401856669,2026,1,true,Vanderbilt,fbs,28,Austin Peay,fcs,9,-19,Vanderbilt,-29.5,,,-33.75861444210139,14.75861444210139,10.5,217.81670025060373,110.25,1,1,0,0,0.0,0.0
401856669,2026,1,true,Vanderbilt,fbs,28,Austin Peay,fcs,9,-19,Vanderbilt,-29.0,-6000,1325,-33.75861444210139,14.75861444210139,10.0,217.81670025060373,100.0,1,1,0,0,1.0166666666666666,0.016666666666666607
401868140,2026,1,true,Jacksonville State,fbs,49,Eastern Kentucky,fcs,7,-42,Jacksonville State,-22.5,-2100,1100,-18.394710701948505,23.605289298051495,19.5,557.2096828447045,380.25,1,1,0,0,1.0476190476190477,0.04761904761904767
401868140,2026,1,true,Jacksonville State,fbs,49,Eastern Kentucky,fcs,7,-42,Jacksonville State,-22.5,,,-18.394710701948505,23.605289298051495,19.5,557.2096828447045,380.25,1,1,0,0,0.0,0.0
401868140,2026,1,true,Jacksonville State,fbs,49,Eastern Kentucky,fcs,7,-42,Jacksonville State,-22.0,-1600,800,-18.394710701948505,23.605289298051495,20.0,557.2096828447045,400.0,1,1,0,0,1.0625,0.0625
401867866,2026,1,true,Middle Tennessee,fbs,38,Murray State,fcs,14,-24,Middle Tennessee,-22.5,-1800,1000,-9.72324378956911,14.27675621043089,1.5,203.82576789207698,2.25,1,1,0,0,1.0555555555555556,0.05555555555555558
401867866,2026,1,true,Middle Tennessee,fbs,38,Murray State,fcs,14,-24,Middle Tennessee,-22.5,,,-9.72324378956911,14.27675621043089,1.5,203.82576789207698,2.25,1,1,0,0,0.0,0.0
401867866,2026,1,true,Middle Tennessee,fbs,38,Murray State,fcs,14,-24,Middle Tennessee,-22.5,-1800,850,-9.72324378956911,14.27675621043089,1.5,203.82576789207698,2.25,1,1,0,0,1.0555555555555556,0.05555555555555558
401858428,2026,1,true,Michigan,fbs,13,Western Michigan,fbs,12,-1,Michigan,-27.5,-7000,1300,-42.20172697987125,41.20172697987125,26.5,1697.5823061238507,702.25,1,1,0,0,1.0142857142857142,0.014285714285714235
401858428,2026,1,true,Michigan,fbs,13,Western Michigan,fbs,12,-1,Michigan,-27.5,-6500,2000,-42.20172697987125,41.20172697987125,26.5,1697.5823061238507,702.25,1,1,0,0,1.0153846153846153,0.01538461538461533
401858428,2026,1,true,Michigan,fbs,13,Western Michigan,fbs,12,-1,Michigan,-27.5,,,-42.20172697987125,41.20172697987125,26.5,1697.5823061238507,702.25,1,1,0,0,0.0,0.0
401858211,2026,1,true,Virginia Tech,fbs,73,VMI,fcs,3,-70,Virginia Tech,-54.5,,,-35.167046035556474,34.832953964443526,15.5,1213.334681889042,240.25,1,1,0,0,0.0,0.0
401869129,2026,1,true,Louisiana Tech,fbs,80,Northwestern State,fcs,6,-74,Louisiana Tech,-44.5,,,-23.37794721856977,50.62205278143023,29.5,2562.592227805908,870.25,1,1,0,0,0.0,0.0
401856660,2026,1,true,LSU,fbs,51,Clemson,fbs,10,-41,LSU,-10.0,-480,350,-6.70240236128809,34.297597638711906,31.0,1176.3252037869765,961.0,1,1,0,0,1.2083333333333333,0.20833333333333326
401856660,2026,1,true,LSU,fbs,51,Clemson,fbs,10,-41,LSU,-10.0,,,-6.70240236128809,34.297597638711906,31.0,1176.3252037869765,961.0,1,1,0,0,0.0,0.0
401856660,2026,1,true,LSU,fbs,51,Clemson,fbs,10,-41,LSU,-10.0,-410,320,-6.70240236128809,34.297597638711906,31.0,1176.3252037869765,961.0,1,1,0,0,1.2439024390243902,0.24390243902439024
401856662,2026,1,true,Mississippi State,fbs,62,UL Monroe,fbs,13,-49,Mississippi State,-28.5,-100000,2500,-29.50669612411409,19.49330387588591,20.5,379.9888959976287,420.25,1,1,1,1,1.001,0.0009999999999998899
401856662,2026,1,true,Mississippi State,fbs,62,UL Monroe,fbs,13,-49,Mississippi State,-28.5,-4000,1600,-29.50669612411409,19.49330387588591,20.5,379.9888959976287,420.25,1,1,1,1,1.025,0.02499999999999991
401856662,2026,1,true,Mississippi State,fbs,62,UL Monroe,fbs,13,-49,Mississippi State,-28.5,,,-29.50669612411409,19.49330387588591,20.5,379.9888959976287,420.25,1,1,1,1,0.0,0.0
401856637,2026,1,true,Florida,fbs,66,Florida Atlantic,fbs,21,-45,Florida,-26.5,-6500,1300,-25.626553045741847,19.373446954258153,18.5,375.3304468894545,342.25,1,1,0,0,1.0153846153846153,0.01538461538461533
401856637,2026,1,true,Florida,fbs,66,Florida Atlantic,fbs,21,-45,Florida,-26.5,,,-25.626553045741847,19.373446954258153,18.5,375.3304468894545,342.25,1,1,0,0,0.0,0.0
401856637,2026,1,true,Florida,fbs,66,Florida Atlantic,fbs,21,-45,Florida,-25.5,-2400,1200,-25.626553045741847,19.373446954258153,19.5,375.3304468894545,380.25,1,1,1,1,1.0416666666666667,0.04166666666666674
401856775,2026,1,true,BYU,fbs,63,Utah Tech,fcs,7,-56,BYU,-50.166666666666664,,,-40.80986082377308,15.190139176226921,5.833333333333336,230.74032819314388,34.02777777777781,1,1,0,0,0.0,0.0
401858431,2026,1,true,Northwestern,fbs,34,South Dakota State,fcs,18,-16,Northwestern,-14.0,-600,440,-10.192969312666833,5.807030687333167,2.0,33.72160540362912,4.0,1,1,0,0,1.1666666666666667,0.16666666666666674
401858431,2026,1,true,Northwestern,fbs,34,South Dakota State,fcs,18,-16,Northwestern,-12.5,-525,375,-10.192969312666833,5.807030687333167,3.5,33.72160540362912,12.25,1,1,0,0,1.1904761904761905,0.19047619047619047
401858431,2026,1,true,Northwestern,fbs,34,South Dakota State,fcs,18,-16,Northwestern,-14.0,,,-10.192969312666833,5.807030687333167,2.0,33.72160540362912,4.0,1,1,0,0,0.0,0.0
401867883,2026,1,true,Northern Colorado,fcs,23,South Dakota,fcs,38,15,South Dakota,20.5,920,-2100,6.464457479915736,8.535542520084263,5.5,72.85548611216642,30.25,1,1,1,0,1.0476190476190477,0.04761904761904767
401867883,2026,1,true,Northern Colorado,fcs,23,South Dakota,fcs,38,15,South Dakota,20.5,,,6.464457479915736,8.535542520084263,5.5,72.85548611216642,30.25,1,1,1,0,0.0,0.0
401868306,2026,1,true,Stephen F. Austin,fcs,44,East Texas A&M,fcs,7,-37,Stephen F. Austin,-23.5,-3300,1100,-7.448692431635328,29.55130756836467,13.5,873.279779000087,182.25,1,1,0,0,1.0303030303030303,0.030303030303030276
401868306,2026,1,true,Stephen F. Austin,fcs,44,East Texas A&M,fcs,7,-37,Stephen F. Austin,-23.5,,,-7.448692431635328,29.55130756836467,13.5,873.279779000087,182.25,1,1,0,0,0.0,0.0
401858427,2026,1,true,Maryland,fbs,62,Hampton,fcs,0,-62,Maryland,-45.5,,,-25.28015701342381,36.71984298657619,16.5,1348.3468689588085,272.25,1,1,0,0,0.0,0.0
401868158,2026,1,true,Southern Utah,fcs,47,Weber State,fcs,42,-5,Southern Utah,-14.5,-820,520,-11.966562762282386,6.966562762282386,9.5,48.53299672081959,90.25,1,1,1,1,1.1219512195121952,0.12195121951219523
401868158,2026,1,true,Southern Utah,fcs,47,Weber State,fcs,42,-5,Southern Utah,-14.5,,,-11.966562762282386,6.966562762282386,9.5,48.53299672081959,90.25,1,1,1,1,0.0,0.0
401867845,2026,1,true,Western Illinois,fcs,10,Illinois State,fcs,41,31,Illinois State,20.5,990,-2500,3.268938358459571,27.73106164154043,10.5,769.011779766915,110.25,1,1,0,0,1.04,0.040000000000000036
401867845,2026,1,true,Western Illinois,fcs,10,Illinois State,fcs,41,31,Illinois State,20.5,,,3.268938358459571,27.73106164154043,10.5,769.011779766915,110.25,1,1,0,0,0.0,0.0
401869142,2026,1,true,Louisiana,fbs,38,Lamar,fcs,7,-31,Louisiana,-20.5,-1200,750,-14.214043952629744,16.785956047370256,10.5,281.76832042424604,110.25,1,1,0,0,1.0833333333333333,0.08333333333333326
401869142,2026,1,true,Louisiana,fbs,38,Lamar,fcs,7,-31,Louisiana,-20.0,-1400,750,-14.214043952629744,16.785956047370256,11.0,281.76832042424604,121.0,1,1,0,0,1.0714285714285714,0.0714285714285714
401869142,2026,1,true,Louisiana,fbs,38,Lamar,fcs,7,-31,Louisiana,-20.5,,,-14.214043952629744,16.785956047370256,10.5,281.76832042424604,110.25,1,1,0,0,0.0,0.0
401868119,2026,1,true,Montana State,fcs,51,Butler,fcs,24,-27,Montana State,-45.5,,,-12.046152891384798,14.953847108615202,18.5,223.61754334783924,342.25,1,1,1,1,0.0,0.0
401856773,2026,1,true,Arizona,fbs,35,Northern Arizona,fcs,7,-28,Arizona,-32.5,-6500,2000,-30.446391203022188,2.4463912030221877,4.5,5.984829918224347,20.25,1,1,1,1,1.0153846153846153,0.01538461538461533
401856773,2026,1,true,Arizona,fbs,35,Northern Arizona,fcs,7,-28,Arizona,-31.5,-10000,1600,-30.446391203022188,2.4463912030221877,3.5,5.984829918224347,12.25,1,1,1,1,1.01,0.010000000000000009
401856773,2026,1,true,Arizona,fbs,35,Northern Arizona,fcs,7,-28,Arizona,-33.5,,,-30.446391203022188,2.4463912030221877,5.5,5.984829918224347,30.25,1,1,1,1,0.0,0.0
401860879,2026,1,true,San Diego State,fbs,53,Portland State,fcs,20,-33,San Diego State,-39.166666666666664,,,-28.405680303954796,4.594319696045204,6.166666666666664,21.107773469468896,38.02777777777775,1,1,1,1,0.0,0.0
401856774,2026,1,true,Arizona State,fbs,70,Morgan State,fcs,7,-63,Arizona State,-44.0,,,-29.794297965298952,33.20570203470105,19.0,1102.6186476173493,361.0,1,1,0,0,0.0,0.0
401864497,2026,1,true,Hawai'i,fbs,6,UNLV,fbs,21,15,UNLV,3.0,130,-150,13.02489041207431,1.9751095879256901,12.0,3.9010578843159895,144.0,1,1,1,1,1.6666666666666665,0.6666666666666665
401864497,2026,1,true,Hawai'i,fbs,6,UNLV,fbs,21,15,UNLV,3.0,120,-142,13.02489041207431,1.9751095879256901,12.0,3.9010578843159895,144.0,1,1,1,1,1.704225352112676,0.704225352112676
401864497,2026,1,true,Hawai'i,fbs,6,UNLV,fbs,21,15,UNLV,2.5,,,13.02489041207431,1.9751095879256901,12.5,3.9010578843159895,156.25,1,1,1,1,0.0,0.0
401866411,2026,1,true,Sacramento State,fbs,52,Mississippi Valley State,fcs,0,-52,Sacramento State,-38.0,,,-25.111912836709003,26.888087163290997,14.0,722.9692313007341,196.0,1,1,0,0,0.0,0.0
401868163,2026,1,true,San Diego,fcs,17,UC Davis,fcs,49,32,UC Davis,14.5,509,-800,-1.1436045324888524,33.14360453248885,17.5,1098.4985214060155,306.25,0,1,0,0,-1.0,-1.0
401868163,2026,1,true,San Diego,fcs,17,UC Davis,fcs,49,32,UC Davis,14.5,,,-1.1436045324888524,33.14360453248885,17.5,1098.4985214060155,306.25,0,1,0,0,-1.0,-1.0
401864498,2026,1,true,New Mexico,fbs,38,Central Michigan,fbs,7,-31,New Mexico,-11.0,-575,400,-16.878418538895886,14.121581461104114,20.0,199.4190629625994,400.0,1,1,1,1,1.1739130434782608,0.17391304347826075
401864498,2026,1,true,New Mexico,fbs,38,Central Michigan,fbs,7,-31,New Mexico,-10.5,-440,340,-16.878418538895886,14.121581461104114,20.5,199.4190629625994,420.25,1,1,1,1,1.2272727272727273,0.2272727272727273
401864498,2026,1,true,New Mexico,fbs,38,Central Michigan,fbs,7,-31,New Mexico,-11.5,,,-16.878418538895886,14.121581461104114,19.5,199.4190629625994,380.25,1,1,1,1,0.0,0.0
401858210,2026,1,true,California,fbs,24,UCLA,fbs,45,21,UCLA,2.5,110,-130,-4.385927930373757,25.385927930373757,18.5,644.4453368861305,342.25,0,1,0,0,-1.0,-1.0
401858210,2026,1,true,California,fbs,24,UCLA,fbs,45,21,UCLA,2.5,,,-4.385927930373757,25.385927930373757,18.5,644.4453368861305,342.25,0,1,0,0,-1.0,-1.0
401858210,2026,1,true,California,fbs,24,UCLA,fbs,45,21,UCLA,2.5,120,-142,-4.385927930373757,25.385927930373757,18.5,644.4453368861305,342.25,0,1,0,0,-1.0,-1.0
401864432,2026,1,true,Nevada,fbs,49,Western Kentucky,fbs,14,-35,Nevada,1.5,-108,-112,9.842859878416569,44.84285987841657,36.5,2010.8820820753024,1332.25,0,0,0,0,-1.0,-1.0
401864432,2026,1,true,Nevada,fbs,49,Western Kentucky,fbs,14,-35,Nevada,-1.0,120,-140,9.842859878416569,44.84285987841657,34.0,2010.8820820753024,1156.0,0,1,0,0,-1.0,-1.0
401864432,2026,1,true,Nevada,fbs,49,Western Kentucky,fbs,14,-35,Nevada,1.5,,,9.842859878416569,44.84285987841657,36.5,2010.8820820753024,1332.25,0,0,0,0,-1.0,-1.0
401917058,2026,1,true,Campbell,fcs,28,Western Carolina,fcs,19,-9,Campbell,,,,6.095680526264244,15.095680526264244,,227.87957055103354,,0,0,0,0,-1.0,-1.0
401868967,2026,1,true,Prairie View A&M,fcs,52,Texas Southern,fcs,14,-38,Prairie View A&M,-10.5,-483,345,-6.755605434312361,31.24439456568764,27.5,976.2121917763712,756.25,1,1,0,0,1.2070393374741202,0.20703933747412018
401868967,2026,1,true,Prairie View A&M,fcs,52,Texas Southern,fcs,14,-38,Prairie View A&M,-10.5,,,-6.755605434312361,31.24439456568764,27.5,976.2121917763712,756.25,1,1,0,0,0.0,0.0
401867939,2026,1,true,Florida A&M,fcs,13,South Carolina State,fcs,31,18,South Carolina State,19.5,740,-1420,6.41224826821392,11.58775173178608,1.5,134.27599019751128,2.25,1,1,1,0,1.0704225352112675,0.07042253521126751
401867939,2026,1,true,Florida A&M,fcs,13,South Carolina State,fcs,31,18,South Carolina State,19.5,,,6.41224826821392,11.58775173178608,1.5,134.27599019751128,2.25,1,1,1,0,0.0,0.0
401858437,2026,1,true,Washington,fbs,24,Washington State,fbs,10,-14,Washington,-23.5,-2800,1300,-30.927550717883804,16.927550717883804,9.5,286.54197330652846,90.25,1,1,0,0,1.0357142857142858,0.03571428571428581
401858437,2026,1,true,Washington,fbs,24,Washington State,fbs,10,-14,Washington,-23.0,-2200,1000,-30.927550717883804,16.927550717883804,9.0,286.54197330652846,81.0,1,1,0,0,1.0454545454545454,0.045454545454545414
401858437,2026,1,true,Washington,fbs,24,Washington State,fbs,10,-14,Washington,-23.5,,,-30.927550717883804,16.927550717883804,9.5,286.54197330652846,90.25,1,1,0,0,0.0,0.0
401856661,2026,1,true,Ole Miss,fbs,41,Louisville,fbs,38,-3,Ole Miss,-6.5,-270,220,-15.79382550933461,12.79382550933461,3.5,163.681971163301,12.25,1,1,0,0,1.3703703703703702,0.37037037037037024
401856661,2026,1,true,Ole Miss,fbs,41,Louisville,fbs,38,-3,Ole Miss,-6.5,,,-15.79382550933461,12.79382550933461,3.5,163.681971163301,12.25,1,1,0,0,0.0,0.0
401856661,2026,1,true,Ole Miss,fbs,41,Louisville,fbs,38,-3,Ole Miss,-6.5,-258,210,-15.79382550933461,12.79382550933461,3.5,163.681971163301,12.25,1,1,0,0,1.3875968992248062,0.3875968992248062
401858438,2026,1,true,Notre Dame,fbs,41,Wisconsin,fbs,13,-28,Notre Dame,-20.5,-2500,1000,-36.82175308982302,8.82175308982302,7.5,77.82332757780199,56.25,1,1,1,0,1.04,0.040000000000000036
401858438,2026,1,true,Notre Dame,fbs,41,Wisconsin,fbs,13,-28,Notre Dame,-21.0,,,-36.82175308982302,8.82175308982302,7.0,77.82332757780199,49.0,1,1,1,0,0.0,0.0
401858438,2026,1,true,Notre Dame,fbs,41,Wisconsin,fbs,13,-28,Notre Dame,-21.0,-1800,1000,-36.82175308982302,8.82175308982302,7.0,77.82332757780199,49.0,1,1,1,0,1.0555555555555556,0.05555555555555558
401858212,2026,1,true,Florida State,fbs,24,SMU,fbs,27,3,SMU,3.0,130,-155,0.43648657123281787,2.563513428767182,0.0,6.5716010994696745,0.0,1,1,0,0,1.6451612903225805,0.6451612903225805
401858212,2026,1,true,Florida State,fbs,24,SMU,fbs,27,3,SMU,3.0,145,-170,0.43648657123281787,2.563513428767182,0.0,6.5716010994696745,0.0,1,1,0,0,1.5882352941176472,0.5882352941176472
401858212,2026,1,true,Florida State,fbs,24,SMU,fbs,27,3,SMU,3.0,,,0.43648657123281787,2.563513428767182,0.0,6.5716010994696745,0.0,1,1,0,0,0.0,0.0
401858213,2026,2,true,Miami,fbs,77,Florida A&M,fcs,7,-70,Miami,-59.5,,,-51.68380559760969,18.31619440239031,10.5,335.48297738615406,110.25,1,1,0,0,0.0,0.0
401858222,2026,2,true,NC State,fbs,73,Richmond,fcs,0,-73,NC State,-33.5,-6500,2000,-24.624523161991096,48.37547683800891,39.5,2340.1867593047364,1560.25,1,1,0,0,1.0153846153846153,0.01538461538461533
401858222,2026,2,true,NC State,fbs,73,Richmond,fcs,0,-73,NC State,-33.25,,,-24.624523161991096,48.37547683800891,39.75,2340.1867593047364,1580.0625,1,1,0,0,0.0,0.0
401858215,2026,2,true,Louisville,fbs,59,Villanova,fcs,13,-46,Louisville,-38.833333333333336,,,-27.14829932723776,18.85170067276224,7.166666666666664,355.38661825542437,51.36111111111108,1,1,0,0,0.0,0.0
401858220,2026,2,true,Virginia,fbs,59,Norfolk State,fcs,3,-56,Virginia,-47.333333333333336,,,-22.98697369472412,33.01302630527588,8.666666666666664,1089.859905832837,75.11111111111107,1,1,0,0,0.0,0.0
401858214,2026,2,true,Boston College,fbs,28,Rutgers,fbs,21,-7,Boston College,-3.0,-148,124,-0.9038942877258451,6.096105712274155,4.0,37.162504855221584,16.0,1,1,0,0,1.6756756756756757,0.6756756756756757
401858214,2026,2,true,Boston College,fbs,28,Rutgers,fbs,21,-7,Boston College,-3.0,-170,145,-0.9038942877258451,6.096105712274155,4.0,37.162504855221584,16.0,1,1,0,0,1.5882352941176472,0.5882352941176472
401858214,2026,2,true,Boston College,fbs,28,Rutgers,fbs,21,-7,Boston College,-3.0,,,-0.9038942877258451,6.096105712274155,4.0,37.162504855221584,16.0,1,1,0,0,0.0,0.0
401856678,2026,2,true,Kansas,fbs,21,Missouri,fbs,38,17,Missouri,4.0,160,-192,2.574294016349816,14.425705983650184,13.0,208.10099312672074,169.0,1,1,0,0,1.5208333333333335,0.5208333333333335
401856678,2026,2,true,Kansas,fbs,21,Missouri,fbs,38,17,Missouri,4.0,175,-210,2.574294016349816,14.425705983650184,13.0,208.10099312672074,169.0,1,1,0,0,1.4761904761904763,0.4761904761904763
401856678,2026,2,true,Kansas,fbs,21,Missouri,fbs,38,17,Missouri,4.0,,,2.574294016349816,14.425705983650184,13.0,208.10099312672074,169.0,1,1,0,0,0.0,0.0
401858442,2026,2,true,Temple,fbs,9,Penn State,fbs,27,18,Penn State,24.5,1300,-2800,29.293488307564132,11.293488307564132,6.5,127.54287815308777,42.25,1,1,0,0,1.0357142857142858,0.03571428571428581
401858442,2026,2,true,Temple,fbs,9,Penn State,fbs,27,18,Penn State,24.0,1100,-3300,29.293488307564132,11.293488307564132,6.0,127.54287815308777,36.0,1,1,0,0,1.0303030303030303,0.030303030303030276
401858442,2026,2,true,Temple,fbs,9,Penn State,fbs,27,18,Penn State,24.5,,,29.293488307564132,11.293488307564132,6.5,127.54287815308777,42.25,1,1,0,0,0.0,0.0
401856683,2026,2,true,Texas A&M,fbs,48,Arizona State,fbs,20,-28,Texas A&M,-14.5,-750,525,-19.048496847368757,8.951503152631243,13.5,80.1294086915671,182.25,1,1,1,1,1.1333333333333333,0.1333333333333333
401856683,2026,2,true,Texas A&M,fbs,48,Arizona State,fbs,20,-28,Texas A&M,-15.0,-650,450,-19.048496847368757,8.951503152631243,13.0,80.1294086915671,169.0,1,1,1,1,1.1538461538461537,0.15384615384615374
401856683,2026,2,true,Texas A&M,fbs,48,Arizona State,fbs,20,-28,Texas A&M,-15.5,,,-19.048496847368757,8.951503152631243,12.5,80.1294086915671,156.25,1,1,1,1,0.0,0.0
401866632,2026,2,true,Long Island University,fcs,13,UAlbany,fcs,35,22,UAlbany,2.5,116,-145,-6.1666855698426355,28.166685569842635,19.5,793.3621759903813,380.25,0,1,0,0,-1.0,-1.0
401866632,2026,2,true,Long Island University,fcs,13,UAlbany,fcs,35,22,UAlbany,2.5,,,-6.1666855698426355,28.166685569842635,19.5,793.3621759903813,380.25,0,1,0,0,-1.0,-1.0
401866633,2026,2,true,North Carolina Central,fcs,30,North Carolina A&T,fcs,22,-8,North Carolina Central,-24.5,-2800,1040,-12.347574177524374,4.347574177524374,16.5,18.901401229076736,272.25,1,1,1,1,1.0357142857142858,0.03571428571428581
401866633,2026,2,true,North Carolina Central,fcs,30,North Carolina A&T,fcs,22,-8,North Carolina Central,-24.5,,,-12.347574177524374,4.347574177524374,16.5,18.901401229076736,272.25,1,1,1,1,0.0,0.0
401868187,2026,2,true,Liberty,fbs,24,Gardner-Webb,fcs,23,-1,Liberty,-28.5,,,-18.25018219662309,17.25018219662309,27.5,297.5687858166922,756.25,1,1,1,1,0.0,0.0
401868187,2026,2,true,Liberty,fbs,24,Gardner-Webb,fcs,23,-1,Liberty,-29.5,-4500,1700,-18.25018219662309,17.25018219662309,28.5,297.5687858166922,812.25,1,1,1,1,1.0222222222222221,0.022222222222222143
401858218,2026,2,true,North Carolina,fbs,35,East Tennessee State,fcs,3,-32,North Carolina,-35.5,-100000,5000,-22.736077309236,9.263922690764002,3.5,85.82026362045214,12.25,1,1,1,0,1.001,0.0009999999999998899
401858218,2026,2,true,North Carolina,fbs,35,East Tennessee State,fcs,3,-32,North Carolina,-36.0,,,-22.736077309236,9.263922690764002,4.0,85.82026362045214,16.0,1,1,1,0,0.0,0.0
401866628,2026,2,true,Rhode Island,fcs,31,Elon,fcs,10,-21,Rhode Island,-8.5,-288,221,-4.853453209861773,16.146546790138228,12.5,260.7109732461231,156.25,1,1,0,0,1.3472222222222223,0.3472222222222223
401866628,2026,2,true,Rhode Island,fcs,31,Elon,fcs,10,-21,Rhode Island,-8.5,,,-4.853453209861773,16.146546790138228,12.5,260.7109732461231,156.25,1,1,0,0,0.0,0.0
401858224,2026,2,true,Purdue,fbs,36,Wake Forest,fbs,38,2,Wake Forest,3.0,124,-148,8.340320235359908,6.340320235359908,1.0,40.199660686914314,1.0,1,1,0,0,1.6756756756756757,0.6756756756756757
401858224,2026,2,true,Purdue,fbs,36,Wake Forest,fbs,38,2,Wake Forest,2.5,160,-185,8.340320235359908,6.340320235359908,0.5,40.199660686914314,0.25,1,1,0,0,1.5405405405405406,0.5405405405405406
401858224,2026,2,true,Purdue,fbs,36,Wake Forest,fbs,38,2,Wake Forest,2.5,,,8.340320235359908,6.340320235359908,0.5,40.199660686914314,0.25,1,1,0,0,0.0,0.0
401862702,2026,2,true,Army,fbs,24,South Florida,fbs,28,4,South Florida,-3.0,-166,140,10.54835875239635,6.54835875239635,7.0,42.88100235008588,49.0,1,0,1,1,2.4000000000000004,1.4000000000000004
401862702,2026,2,true,Army,fbs,24,South Florida,fbs,28,4,South Florida,-3.0,-175,150,10.54835875239635,6.54835875239635,7.0,42.88100235008588,49.0,1,0,1,1,2.5,1.5
401862702,2026,2,true,Army,fbs,24,South Florida,fbs,28,4,South Florida,-3.0,,,10.54835875239635,6.54835875239635,7.0,42.88100235008588,49.0,1,0,1,1,0.0,0.0
401856679,2026,2,true,Michigan,fbs,17,Oklahoma,fbs,10,-7,Michigan,5.5,170,-205,-4.268847659330403,2.7311523406695972,12.5,7.45919310794502,156.25,1,0,1,1,2.7,1.7000000000000002
401856679,2026,2,true,Michigan,fbs,17,Oklahoma,fbs,10,-7,Michigan,4.5,175,-210,-4.268847659330403,2.7311523406695972,11.5,7.45919310794502,132.25,1,0,1,1,2.75,1.75
401856679,2026,2,true,Michigan,fbs,17,Oklahoma,fbs,10,-7,Michigan,5.5,,,-4.268847659330403,2.7311523406695972,12.5,7.45919310794502,156.25,1,0,1,1,0.0,0.0
401856782,2026,2,true,Oklahoma State,fbs,39,Oregon,fbs,31,-8,Oklahoma State,23.5,1100,-2100,46.340777037083754,54.340777037083754,31.5,2952.920048994049,992.25,0,0,0,0,-1.0,-1.0
401856782,2026,2,true,Oklahoma State,fbs,39,Oregon,fbs,31,-8,Oklahoma State,24.0,1000,-2200,46.340777037083754,54.340777037083754,32.0,2952.920048994049,1024.0,0,0,0,0,-1.0,-1.0
401856782,2026,2,true,Oklahoma State,fbs,39,Oregon,fbs,31,-8,Oklahoma State,24.5,,,46.340777037083754,54.340777037083754,32.5,2952.920048994049,1056.25,0,0,0,0,-1.0,-1.0
401856781,2026,2,true,Kansas State,fbs,34,Washington State,fbs,7,-27,Kansas State,-17.5,-1050,675,-22.74399441193166,4.256005588068341,9.5,18.113583565668943,90.25,1,1,1,1,1.0952380952380953,0.09523809523809534
401856781,2026,2,true,Kansas State,fbs,34,Washington State,fbs,7,-27,Kansas State,-18.0,-1100,650,-22.74399441193166,4.256005588068341,9.0,18.113583565668943,81.0,1,1,1,1,1.0909090909090908,0.09090909090909083
401856781,2026,2,true,Kansas State,fbs,34,Washington State,fbs,7,-27,Kansas State,-17.5,,,-22.74399441193166,4.256005588068341,9.5,18.113583565668943,90.25,1,1,1,1,0.0,0.0
401858221,2026,2,true,Virginia Tech,fbs,44,Old Dominion,fbs,21,-23,Virginia Tech,-17.5,-1000,650,-3.1683615701860455,19.831638429813953,5.5,393.29388281087364,30.25,1,1,0,0,1.1,0.10000000000000009
401858221,2026,2,true,Virginia Tech,fbs,44,Old Dominion,fbs,21,-23,Virginia Tech,-18.0,-1200,700,-3.1683615701860455,19.831638429813953,5.0,393.29388281087364,25.0,1,1,0,0,1.0833333333333333,0.08333333333333326
401858221,2026,2,true,Virginia Tech,fbs,44,Old Dominion,fbs,21,-23,Virginia Tech,-17.5,,,-3.1683615701860455,19.831638429813953,5.5,393.29388281087364,30.25,1,1,0,0,0.0,0.0
401864571,2026,2,true,East Carolina,fbs,24,App State,fbs,27,3,App State,-6.5,-250,205,-7.3718393306082906,10.37183933060829,9.5,107.57505109995303,90.25,0,0,0,0,-1.0,-1.0
401864571,2026,2,true,East Carolina,fbs,24,App State,fbs,27,3,App State,-6.5,-350,275,-7.3718393306082906,10.37183933060829,9.5,107.57505109995303,90.25,0,0,0,0,-1.0,-1.0
401864571,2026,2,true,East Carolina,fbs,24,App State,fbs,27,3,App State,-6.5,,,-7.3718393306082906,10.37183933060829,9.5,107.57505109995303,90.25,0,0,0,0,-1.0,-1.0
401866416,2026,2,true,Kent State,fbs,36,Wofford,fcs,15,-21,Kent State,-10.5,,,4.953263010087094,25.953263010087092,10.5,673.5718608707549,110.25,0,1,0,0,-1.0,-1.0
401866416,2026,2,true,Kent State,fbs,36,Wofford,fcs,15,-21,Kent State,-10.0,-455,350,4.953263010087094,25.953263010087092,11.0,673.5718608707549,121.0,0,1,0,0,-1.0,-1.0
401867929,2026,2,true,James Madison,fbs,87,Wagner,fcs,3,-84,James Madison,-46.5,,,-30.1486151483252,53.8513848516748,37.5,2899.9716504431904,1406.25,1,1,0,0,0.0,0.0
401858439,2026,2,true,Indiana,fbs,55,Howard,fcs,0,-55,Indiana,-57.5,,,-56.85028326396482,1.850283263964819,2.5,3.423548156908304,6.25,1,1,1,1,0.0,0.0
401868028,2026,2,true,Lafayette,fcs,13,Marist,fcs,9,-4,Lafayette,-15.5,-820,517,-4.00092310055225,0.0009231005522503111,11.5,8.521146295648293e-7,132.25,1,1,1,1,1.1219512195121952,0.12195121951219523
401868028,2026,2,true,Lafayette,fcs,13,Marist,fcs,9,-4,Lafayette,-15.5,,,-4.00092310055225,0.0009231005522503111,11.5,8.521146295648293e-7,132.25,1,1,1,1,0.0,0.0
401856673,2026,2,true,Georgia,fbs,70,Western Kentucky,fbs,20,-50,Georgia,-40.333333333333336,,,-42.88817531591388,7.111824684086123,9.666666666666664,50.578050337176684,93.4444444444444,1,1,1,1,0.0,0.0
401866417,2026,2,true,Miami (OH),fbs,45,Holy Cross,fcs,7,-38,Miami (OH),-30.5,-6500,2000,-15.436018807489031,22.56398119251097,7.5,509.13324725598875,56.25,1,1,0,0,1.0153846153846153,0.01538461538461533
401866417,2026,2,true,Miami (OH),fbs,45,Holy Cross,fcs,7,-38,Miami (OH),-30.5,,,-15.436018807489031,22.56398119251097,7.5,509.13324725598875,56.25,1,1,0,0,0.0,0.0
401866415,2026,2,true,Central Michigan,fbs,13,Colgate,fcs,10,-3,Central Michigan,-18.5,-1600,900,-9.200511608508098,6.200511608508098,15.5,38.446344207243676,240.25,1,1,1,1,1.0625,0.0625
401866415,2026,2,true,Central Michigan,fbs,13,Colgate,fcs,10,-3,Central Michigan,-18.5,-1600,850,-9.200511608508098,6.200511608508098,15.5,38.446344207243676,240.25,1,1,1,1,1.0625,0.0625
401866415,2026,2,true,Central Michigan,fbs,13,Colgate,fcs,10,-3,Central Michigan,-18.5,,,-9.200511608508098,6.200511608508098,15.5,38.446344207243676,240.25,1,1,1,1,0.0,0.0
401856791,2026,2,true,West Virginia,fbs,52,UT Martin,fcs,7,-45,West Virginia,-41.5,,,-23.11458128490045,21.88541871509955,3.5,478.97155233522966,12.25,1,1,0,0,0.0,0.0
401867990,2026,2,true,VMI,fcs,3,Bucknell,fcs,14,11,Bucknell,8.5,248,-327,5.9314354075605324,5.0685645924394676,2.5,25.690347027731065,6.25,1,1,0,0,1.305810397553517,0.3058103975535169
401867990,2026,2,true,VMI,fcs,3,Bucknell,fcs,14,11,Bucknell,8.5,,,5.9314354075605324,5.0685645924394676,2.5,25.690347027731065,6.25,1,1,0,0,0.0,0.0
401868033,2026,2,true,Lehigh,fcs,44,William & Mary,fcs,20,-24,Lehigh,-13.5,-449,325,-9.84046854494819,14.15953145505181,10.5,200.49233102660165,110.25,1,1,0,0,1.22271714922049,0.22271714922049002
401868033,2026,2,true,Lehigh,fcs,44,William & Mary,fcs,20,-24,Lehigh,-13.5,,,-9.84046854494819,14.15953145505181,10.5,200.49233102660165,110.25,1,1,0,0,0.0,0.0
401867895,2026,2,true,Youngstown State,fcs,70,Duquesne,fcs,13,-57,Youngstown State,-22.5,-2500,980,1.1976004810478493,58.19760048104785,34.5,3386.960701751661,1190.25,0,1,0,0,-1.0,-1.0
401867895,2026,2,true,Youngstown State,fcs,70,Duquesne,fcs,13,-57,Youngstown State,-22.5,,,1.1976004810478493,58.19760048104785,34.5,3386.960701751661,1190.25,0,1,0,0,-1.0,-1.0
401868255,2026,2,true,Northern Iowa,fcs,56,Drake,fcs,14,-42,Northern Iowa,-11.5,-521,368,6.699179496165134,48.69917949616514,30.5,2371.610083599711,930.25,0,1,0,0,-1.0,-1.0
401868255,2026,2,true,Northern Iowa,fcs,56,Drake,fcs,14,-42,Northern Iowa,-11.5,,,6.699179496165134,48.69917949616514,30.5,2371.610083599711,930.25,0,1,0,0,-1.0,-1.0
401867884,2026,2,true,South Dakota,fcs,41,Eastern Washington,fcs,23,-18,South Dakota,-15.5,-740,482,-9.228525835893974,8.771474164106026,2.5,76.9387590115795,6.25,1,1,0,0,1.135135135135135,0.1351351351351351
401867884,2026,2,true,South Dakota,fcs,41,Eastern Washington,fcs,23,-18,South Dakota,-15.5,,,-9.228525835893974,8.771474164106026,2.5,76.9387590115795,6.25,1,1,0,0,0.0,0.0
401866413,2026,2,true,Ball State,fbs,41,Stony Brook,fcs,17,-24,Ball State,-13.5,-575,425,7.849083009987796,31.849083009987794,10.5,1014.3640885770932,110.25,0,1,0,0,-1.0,-1.0
401866413,2026,2,true,Ball State,fbs,41,Stony Brook,fcs,17,-24,Ball State,-13.5,-625,430,7.849083009987796,31.849083009987794,10.5,1014.3640885770932,110.25,0,1,0,0,-1.0,-1.0
401866413,2026,2,true,Ball State,fbs,41,Stony Brook,fcs,17,-24,Ball State,-13.5,,,7.849083009987796,31.849083009987794,10.5,1014.3640885770932,110.25,0,1,0,0,-1.0,-1.0
401868112,2026,2,true,Montana,fcs,35,Utah Tech,fcs,14,-21,Montana,-36.833333333333336,,,-14.750077426434704,6.249922573565296,15.833333333333336,39.061532175561055,250.6944444444445,1,1,1,1,0.0,0.0
401856785,2026,2,true,Colorado,fbs,52,Weber State,fcs,21,-31,Colorado,-38.5,-6500,2000,-28.243749410256108,2.7562505897438925,7.5,7.596917313463555,56.25,1,1,1,1,1.0153846153846153,0.01538461538461533
401856785,2026,2,true,Colorado,fbs,52,Weber State,fcs,21,-31,Colorado,-38.5,,,-28.243749410256108,2.7562505897438925,7.5,7.596917313463555,56.25,1,1,1,1,0.0,0.0
401858216,2026,2,true,Syracuse,fbs,18,California,fbs,21,3,California,-3.5,-198,164,-9.378404519175422,12.378404519175422,6.5,153.2248984403425,42.25,0,0,0,0,-1.0,-1.0
401858216,2026,2,true,Syracuse,fbs,18,California,fbs,21,3,California,-4.0,-165,140,-9.378404519175422,12.378404519175422,7.0,153.2248984403425,49.0,0,0,0,0,-1.0,-1.0
401858216,2026,2,true,Syracuse,fbs,18,California,fbs,21,3,California,-4.0,,,-9.378404519175422,12.378404519175422,7.0,153.2248984403425,49.0,0,0,0,0,-1.0,-1.0
401856810,2026,2,true,BYU,fbs,28,Arizona,fbs,17,-11,BYU,-7.0,-270,220,-9.868213991690256,1.131786008309744,4.0,1.280939568605704,16.0,1,1,1,1,1.3703703703703702,0.37037037037037024
401856810,2026,2,true,BYU,fbs,28,Arizona,fbs,17,-11,BYU,-7.0,-310,255,-9.868213991690256,1.131786008309744,4.0,1.280939568605704,16.0,1,1,1,1,1.3225806451612903,0.32258064516129026
401856810,2026,2,true,BYU,fbs,28,Arizona,fbs,17,-11,BYU,-6.5,,,-9.868213991690256,1.131786008309744,4.5,1.280939568605704,20.25,1,1,1,1,0.0,0.0
401858444,2026,2,true,UConn,fbs,14,Maryland,fbs,38,24,Maryland,11.5,350,-455,-13.210214958216705,37.2102149582167,12.5,1384.6000972366942,156.25,0,1,0,0,-1.0,-1.0
401858444,2026,2,true,UConn,fbs,14,Maryland,fbs,38,24,Maryland,11.5,360,-500,-13.210214958216705,37.2102149582167,12.5,1384.6000972366942,156.25,0,1,0,0,-1.0,-1.0
401858444,2026,2,true,UConn,fbs,14,Maryland,fbs,38,24,Maryland,11.5,,,-13.210214958216705,37.2102149582167,12.5,1384.6000972366942,156.25,0,1,0,0,-1.0,-1.0
401860884,2026,2,true,Texas State,fbs,26,UTSA,fbs,31,5,UTSA,-2.5,-135,114,-4.201401159703013,9.201401159703014,7.5,84.66578330178397,56.25,0,0,0,0,-1.0,-1.0
401860884,2026,2,true,Texas State,fbs,26,UTSA,fbs,31,5,UTSA,-1.5,-110,-110,-4.201401159703013,9.201401159703014,6.5,84.66578330178397,42.25,0,0,0,0,-1.0,-1.0
401860884,2026,2,true,Texas State,fbs,26,UTSA,fbs,31,5,UTSA,-1.5,,,-4.201401159703013,9.201401159703014,6.5,84.66578330178397,42.25,0,0,0,0,-1.0,-1.0
401866420,2026,2,true,Massachusetts,fbs,37,Sacred Heart,fcs,10,-27,Massachusetts,-23.5,-2400,1200,8.312039900873787,35.312039900873785,3.5,1246.9401619609023,12.25,0,1,0,0,-1.0,-1.0
401866420,2026,2,true,Massachusetts,fbs,37,Sacred Heart,fcs,10,-27,Massachusetts,-23.5,-2500,1000,8.312039900873787,35.312039900873785,3.5,1246.9401619609023,12.25,0,1,0,0,-1.0,-1.0
401866420,2026,2,true,Massachusetts,fbs,37,Sacred Heart,fcs,10,-27,Massachusetts,-23.5,,,8.312039900873787,35.312039900873785,3.5,1246.9401619609023,12.25,0,1,0,0,-1.0,-1.0
401858440,2026,2,true,Michigan State,fbs,35,Eastern Michigan,fbs,7,-28,Michigan State,-17.5,-900,600,-16.841445456516063,11.158554543483937,10.5,124.51333949990602,110.25,1,1,0,0,1.1111111111111112,0.11111111111111116
401858440,2026,2,true,Michigan State,fbs,35,Eastern Michigan,fbs,7,-28,Michigan State,-17.5,-1000,625,-16.841445456516063,11.158554543483937,10.5,124.51333949990602,110.25,1,1,0,0,1.1,0.10000000000000009
401858440,2026,2,true,Michigan State,fbs,35,Eastern Michigan,fbs,7,-28,Michigan State,-17.5,,,-16.841445456516063,11.158554543483937,10.5,124.51333949990602,110.25,1,1,0,0,0.0,0.0
401862708,2026,2,true,UAB,fbs,26,UL Monroe,fbs,20,-6,UAB,-9.5,-360,285,-14.871293917673196,8.871293917673196,3.5,78.69985577374544,12.25,1,1,0,0,1.2777777777777777,0.2777777777777777
401862708,2026,2,true,UAB,fbs,26,UL Monroe,fbs,20,-6,UAB,-9.0,-435,325,-14.871293917673196,8.871293917673196,3.0,78.69985577374544,9.0,1,1,0,0,1.2298850574712643,0.2298850574712643
401862708,2026,2,true,UAB,fbs,26,UL Monroe,fbs,20,-6,UAB,-9.5,,,-14.871293917673196,8.871293917673196,3.5,78.69985577374544,12.25,1,1,0,0,0.0,0.0
401856674,2026,2,true,Kentucky,fbs,17,Alabama,fbs,45,28,Alabama,8.5,285,-360,17.115085452072655,10.884914547927345,19.5,118.48136471568034,380.25,1,1,1,1,1.2777777777777777,0.2777777777777777
401856674,2026,2,true,Kentucky,fbs,17,Alabama,fbs,45,28,Alabama,8.0,320,-430,17.115085452072655,10.884914547927345,20.0,118.48136471568034,400.0,1,1,1,1,1.2325581395348837,0.2325581395348837
401856674,2026,2,true,Kentucky,fbs,17,Alabama,fbs,45,28,Alabama,9.5,,,17.115085452072655,10.884914547927345,18.5,118.48136471568034,342.25,1,1,1,1,0.0,0.0
401856677,2026,2,true,Minnesota,fbs,13,Mississippi State,fbs,38,25,Mississippi State,-1.5,-110,-110,1.6843485414131405,23.31565145858686,26.5,543.6196029383036,702.25,1,0,1,1,1.9090909090909092,0.9090909090909092
401856677,2026,2,true,Minnesota,fbs,13,Mississippi State,fbs,38,25,Mississippi State,-1.0,-115,-105,1.6843485414131405,23.31565145858686,26.0,543.6196029383036,676.0,1,0,1,1,1.9523809523809523,0.9523809523809523
401856677,2026,2,true,Minnesota,fbs,13,Mississippi State,fbs,38,25,Mississippi State,1.5,,,1.6843485414131405,23.31565145858686,23.5,543.6196029383036,552.25,1,1,1,1,0.0,0.0
401866412,2026,2,true,Akron,fbs,45,Robert Morris,fcs,10,-35,Akron,-26.5,-3200,1400,1.2282117875363205,36.228211787536324,8.5,1312.4833293225859,72.25,0,1,0,0,-1.0,-1.0
401866412,2026,2,true,Akron,fbs,45,Robert Morris,fcs,10,-35,Akron,-26.5,-6500,1300,1.2282117875363205,36.228211787536324,8.5,1312.4833293225859,72.25,0,1,0,0,-1.0,-1.0
401866412,2026,2,true,Akron,fbs,45,Robert Morris,fcs,10,-35,Akron,-26.5,,,1.2282117875363205,36.228211787536324,8.5,1312.4833293225859,72.25,0,1,0,0,-1.0,-1.0
401859184,2026,2,true,Notre Dame,fbs,52,Rice,fbs,0,-52,Notre Dame,-44.666666666666664,,,-45.433463856531546,6.566536143468454,7.333333333333336,43.11939692347756,53.777777777777814,1,1,1,1,0.0,0.0
401856790,2026,2,true,Pittsburgh,fbs,12,UCF,fbs,7,-5,Pittsburgh,-7.0,-298,240,-1.732426693051448,3.267573306948552,2.0,10.677035316282696,4.0,1,1,1,0,1.3355704697986577,0.3355704697986577
401856790,2026,2,true,Pittsburgh,fbs,12,UCF,fbs,7,-5,Pittsburgh,-7.0,-300,250,-1.732426693051448,3.267573306948552,2.0,10.677035316282696,4.0,1,1,1,0,1.3333333333333333,0.33333333333333326
401856790,2026,2,true,Pittsburgh,fbs,12,UCF,fbs,7,-5,Pittsburgh,-7.5,,,-1.732426693051448,3.267573306948552,2.5,10.677035316282696,6.25,1,1,1,0,0.0,0.0
401858217,2026,2,true,Illinois,fbs,27,Duke,fbs,31,4,Duke,-6.5,-250,205,-13.300421911940102,17.300421911940102,10.5,299.30459833113724,110.25,0,0,0,0,-1.0,-1.0
401858217,2026,2,true,Illinois,fbs,27,Duke,fbs,31,4,Duke,-6.5,-235,195,-13.300421911940102,17.300421911940102,10.5,299.30459833113724,110.25,0,0,0,0,-1.0,-1.0
401858217,2026,2,true,Illinois,fbs,27,Duke,fbs,31,4,Duke,-6.0,,,-13.300421911940102,17.300421911940102,10.0,299.30459833113724,100.0,0,0,0,0,-1.0,-1.0
401858446,2026,2,true,Washington,fbs,16,Utah State,fbs,14,-2,Washington,-28.5,-6500,2000,-26.88868112542133,24.88868112542133,26.5,619.4464481629038,702.25,1,1,1,1,1.0153846153846153,0.01538461538461533
401858446,2026,2,true,Washington,fbs,16,Utah State,fbs,14,-2,Washington,-28.5,-5000,1300,-26.88868112542133,24.88868112542133,26.5,619.4464481629038,702.25,1,1,1,1,1.02,0.020000000000000018
401858446,2026,2,true,Washington,fbs,16,Utah State,fbs,14,-2,Washington,-28.5,,,-26.88868112542133,24.88868112542133,26.5,619.4464481629038,702.25,1,1,1,1,0.0,0.0
401866419,2026,2,true,Toledo,fbs,63,Central Connecticut,fcs,10,-53,Toledo,-36.5,,,-17.676654032981777,35.32334596701823,16.5,1247.738770305663,272.25,1,1,0,0,0.0,0.0
401866419,2026,2,true,Toledo,fbs,63,Central Connecticut,fcs,10,-53,Toledo,-36.5,-20000,3500,-17.676654032981777,35.32334596701823,16.5,1247.738770305663,272.25,1,1,0,0,1.005,0.004999999999999893
401862705,2026,2,true,North Texas,fbs,44,UNLV,fbs,6,-38,North Texas,3.0,124,-148,4.938866856530176,42.938866856530176,41.0,1843.7462869228257,1681.0,0,0,0,0,-1.0,-1.0
401862705,2026,2,true,North Texas,fbs,44,UNLV,fbs,6,-38,North Texas,2.5,160,-185,4.938866856530176,42.938866856530176,40.5,1843.7462869228257,1640.25,0,0,0,0,-1.0,-1.0
401862705,2026,2,true,North Texas,fbs,44,UNLV,fbs,6,-38,North Texas,3.0,,,4.938866856530176,42.938866856530176,41.0,1843.7462869228257,1681.0,0,0,0,0,-1.0,-1.0
401868326,2026,2,true,Troy,fbs,34,Alabama State,fcs,17,-17,Troy,-23.5,-2100,1100,-1.944844412228301,15.055155587771699,6.5,226.65770977201342,42.25,1,1,1,0,1.0476190476190477,0.04761904761904767
401868326,2026,2,true,Troy,fbs,34,Alabama State,fcs,17,-17,Troy,-24.0,-2000,950,-1.944844412228301,15.055155587771699,7.0,226.65770977201342,49.0,1,1,1,0,1.05,0.050000000000000044
401868326,2026,2,true,Troy,fbs,34,Alabama State,fcs,17,-17,Troy,-23.5,,,-1.944844412228301,15.055155587771699,6.5,226.65770977201342,42.25,1,1,1,0,0.0,0.0
401868285,2026,2,true,Bethune-Cookman,fcs,43,Stetson,fcs,18,-25,Bethune-Cookman,-14.5,-880,545,-7.058157753829874,17.941842246170125,10.5,321.90970318645503,110.25,1,1,0,0,1.1136363636363635,0.11363636363636354
401868285,2026,2,true,Bethune-Cookman,fcs,43,Stetson,fcs,18,-25,Bethune-Cookman,-14.5,,,-7.058157753829874,17.941842246170125,10.5,321.90970318645503,110.25,1,1,0,0,0.0,0.0
401868093,2026,2,true,Idaho,fcs,17,Lamar,fcs,23,6,Lamar,-3.5,-175,139,-4.901166059440468,10.901166059440467,9.5,118.83542145549679,90.25,0,0,0,0,-1.0,-1.0
401868093,2026,2,true,Idaho,fcs,17,Lamar,fcs,23,6,Lamar,-4.5,,,-4.901166059440468,10.901166059440467,10.5,118.83542145549679,110.25,0,0,0,0,-1.0,-1.0
401858223,2026,2,true,SMU,fbs,56,UC Davis,fcs,10,-46,SMU,-32.5,-4000,1600,-35.438919804242914,10.561080195757086,13.5,111.53641490121252,182.25,1,1,1,1,1.025,0.02499999999999991
401858223,2026,2,true,SMU,fbs,56,UC Davis,fcs,10,-46,SMU,-32.5,,,-35.438919804242914,10.561080195757086,13.5,111.53641490121252,182.25,1,1,1,1,0.0,0.0
401864506,2026,2,true,Wyoming,fbs,21,Northern Colorado,fcs,13,-8,Wyoming,-23.5,-1800,1000,-12.068296287182314,4.068296287182314,15.5,16.5510346803014,240.25,1,1,1,1,1.0555555555555556,0.05555555555555558
401864506,2026,2,true,Wyoming,fbs,21,Northern Colorado,fcs,13,-8,Wyoming,-23.5,-2000,950,-12.068296287182314,4.068296287182314,15.5,16.5510346803014,240.25,1,1,1,1,1.05,0.050000000000000044
401864506,2026,2,true,Wyoming,fbs,21,Northern Colorado,fcs,13,-8,Wyoming,-23.5,,,-12.068296287182314,4.068296287182314,15.5,16.5510346803014,240.25,1,1,1,1,0.0,0.0
401856684,2026,2,true,Vanderbilt,fbs,35,Delaware,fbs,26,-9,Vanderbilt,-20.5,-1350,800,-28.102051475200767,19.102051475200767,11.5,364.8883705612198,132.25,1,1,0,0,1.074074074074074,0.07407407407407396
401856684,2026,2,true,Vanderbilt,fbs,35,Delaware,fbs,26,-9,Vanderbilt,-21.0,-1800,850,-28.102051475200767,19.102051475200767,12.0,364.8883705612198,144.0,1,1,0,0,1.0555555555555556,0.05555555555555558
401856684,2026,2,true,Vanderbilt,fbs,35,Delaware,fbs,26,-9,Vanderbilt,-20.5,,,-28.102051475200767,19.102051475200767,11.5,364.8883705612198,132.25,1,1,0,0,0.0,0.0
401866630,2026,2,true,Maine,fcs,14,Merrimack,fcs,23,9,Merrimack,-10.0,-431,314,-6.119811490448056,15.119811490448056,19.0,228.60869950668507,361.0,0,0,1,1,-1.0,-1.0
401866630,2026,2,true,Maine,fcs,14,Merrimack,fcs,23,9,Merrimack,-10.0,,,-6.119811490448056,15.119811490448056,19.0,228.60869950668507,361.0,0,0,1,1,-1.0,-1.0
401868123,2026,2,true,Northern Arizona,fcs,38,Incarnate Word,fcs,28,-10,Northern Arizona,-4.5,-186,148,1.6575045336911232,11.657504533691123,5.5,135.8974119530291,30.25,0,1,0,0,-1.0,-1.0
401868123,2026,2,true,Northern Arizona,fcs,38,Incarnate Word,fcs,28,-10,Northern Arizona,-4.5,,,1.6575045336911232,11.657504533691123,5.5,135.8974119530291,30.25,0,1,0,0,-1.0,-1.0
401868061,2026,2,true,Austin Peay,fcs,63,Morehead State,fcs,7,-56,Austin Peay,-36.5,,,-10.133160444898609,45.86683955510139,19.5,2103.766970773414,380.25,1,1,0,0,0.0,0.0
401856672,2026,2,true,Florida,fbs,52,Campbell,fcs,3,-49,Florida,-51.5,,,-44.35855744764638,4.641442552353617,2.5,21.542988966798855,6.25,1,1,1,0,0.0,0.0
401868171,2026,2,true,The Citadel,fcs,20,Charleston Southern,fcs,26,6,Charleston Southern,-3.0,-156,125,0.8038068793996076,5.196193120600393,9.0,27.000422946574847,81.0,1,0,1,1,2.25,1.25
401868171,2026,2,true,The Citadel,fcs,20,Charleston Southern,fcs,26,6,Charleston Southern,-3.0,,,0.8038068793996076,5.196193120600393,9.0,27.000422946574847,81.0,1,0,1,1,0.0,0.0
401860881,2026,2,true,Boise State,fbs,38,Memphis,fbs,20,-18,Boise State,-9.5,-360,285,6.905167467146002,24.905167467146,8.5,620.2673665665875,72.25,0,1,0,0,-1.0,-1.0
401860881,2026,2,true,Boise State,fbs,38,Memphis,fbs,20,-18,Boise State,-9.0,-330,265,6.905167467146002,24.905167467146,9.0,620.2673665665875,81.0,0,1,0,0,-1.0,-1.0
401860881,2026,2,true,Boise State,fbs,38,Memphis,fbs,20,-18,Boise State,-9.5,,,6.905167467146002,24.905167467146,8.5,620.2673665665875,72.25,0,1,0,0,-1.0,-1.0
401866629,2026,2,true,Hampton,fcs,3,Bryant,fcs,31,28,Bryant,3.5,133,-166,-1.4336873508590857,29.433687350859085,24.5,866.3419510681221,600.25,0,1,0,0,-1.0,-1.0
401866629,2026,2,true,Hampton,fcs,3,Bryant,fcs,31,28,Bryant,3.5,,,-1.4336873508590857,29.433687350859085,24.5,866.3419510681221,600.25,0,1,0,0,-1.0,-1.0
401868141,2026,2,true,Eastern Kentucky,fcs,22,Chattanooga,fcs,17,-5,Eastern Kentucky,3.0,135,-169,0.007369414567875543,5.007369414567876,8.0,25.073748453949833,64.0,0,0,1,1,-1.0,-1.0
401868141,2026,2,true,Eastern Kentucky,fcs,22,Chattanooga,fcs,17,-5,Eastern Kentucky,3.0,,,0.007369414567875543,5.007369414567876,8.0,25.073748453949833,64.0,0,0,1,1,-1.0,-1.0
401866414,2026,2,true,Florida International,fbs,33,Buffalo,fbs,20,-13,Florida International,-8.5,-345,275,-7.3147447637620076,5.6852552362379924,4.5,32.32212710117151,20.25,1,1,0,0,1.289855072463768,0.28985507246376807
401866414,2026,2,true,Florida International,fbs,33,Buffalo,fbs,20,-13,Florida International,-9.0,-415,310,-7.3147447637620076,5.6852552362379924,4.0,32.32212710117151,16.0,1,1,0,0,1.2409638554216866,0.24096385542168663
401866414,2026,2,true,Florida International,fbs,33,Buffalo,fbs,20,-13,Florida International,-8.5,,,-7.3147447637620076,5.6852552362379924,4.5,32.32212710117151,20.25,1,1,0,0,0.0,0.0
401868102,2026,2,true,Idaho State,fcs,59,San Diego,fcs,17,-42,Idaho State,-22.5,-1860,860,-1.5019434467745536,40.498056553225446,19.5,1640.0925845882464,380.25,1,1,0,0,1.053763440860215,0.053763440860215006
401868102,2026,2,true,Idaho State,fcs,59,San Diego,fcs,17,-42,Idaho State,-22.5,,,-1.5019434467745536,40.498056553225446,19.5,1640.0925845882464,380.25,1,1,0,0,0.0,0.0
401866631,2026,2,true,New Hampshire,fcs,42,Stonehill,fcs,35,-7,New Hampshire,-13.5,-479,343,-1.2713642740368631,5.728635725963137,6.5,32.8172672807812,42.25,1,1,1,1,1.2087682672233822,0.20876826722338215
401866631,2026,2,true,New Hampshire,fcs,42,Stonehill,fcs,35,-7,New Hampshire,-13.5,,,-1.2713642740368631,5.728635725963137,6.5,32.8172672807812,42.25,1,1,1,1,0.0,0.0
401868374,2026,2,true,Mercer,fcs,13,Furman,fcs,20,7,Furman,-15.5,-590,406,-12.204548523045991,19.204548523045993,22.5,368.814683974028,506.25,0,0,1,1,-1.0,-1.0
401868374,2026,2,true,Mercer,fcs,13,Furman,fcs,20,7,Furman,-15.5,,,-12.204548523045991,19.204548523045993,22.5,368.814683974028,506.25,0,0,1,1,-1.0,-1.0
401866418,2026,2,true,Ohio,fbs,29,Jacksonville State,fbs,27,-2,Ohio,-1.75,-125,105,-0.18456445659776577,1.8154355434022342,0.25,3.2958062122481655,0.0625,1,1,0,0,1.8,0.8
401866418,2026,2,true,Ohio,fbs,29,Jacksonville State,fbs,27,-2,Ohio,-1.5,,,-0.18456445659776577,1.8154355434022342,0.5,3.2958062122481655,0.25,1,1,0,0,0.0,0.0
401866421,2026,2,true,Western Michigan,fbs,49,Monmouth,fcs,14,-35,Western Michigan,-29.0,,,8.798610046015787,43.79861004601579,6.0,1918.3182419629552,36.0,0,1,0,0,-1.0,-1.0
401866421,2026,2,true,Western Michigan,fbs,49,Monmouth,fcs,14,-35,Western Michigan,-29.5,-5000,1800,8.798610046015787,43.79861004601579,5.5,1918.3182419629552,30.25,0,1,0,0,-1.0,-1.0
401868236,2026,2,true,McNeese,fcs,24,Tarleton State,fcs,27,3,Tarleton State,19.5,690,-1260,3.293927152196186,0.2939271521961859,16.5,0.08639317079815985,272.25,1,1,1,1,1.0793650793650793,0.0793650793650793
401868236,2026,2,true,McNeese,fcs,24,Tarleton State,fcs,27,3,Tarleton State,19.5,,,3.293927152196186,0.2939271521961859,16.5,0.08639317079815985,272.25,1,1,1,1,0.0,0.0
401864503,2026,2,true,Northern Illinois,fbs,24,Illinois State,fcs,28,4,Illinois State,2.5,175,-210,-11.350581126983915,15.350581126983915,1.5,235.64034093611477,2.25,0,1,0,0,-1.0,-1.0
401864503,2026,2,true,Northern Illinois,fbs,24,Illinois State,fcs,28,4,Illinois State,2.5,124,-148,-11.350581126983915,15.350581126983915,1.5,235.64034093611477,2.25,0,1,0,0,-1.0,-1.0
401864503,2026,2,true,Northern Illinois,fbs,24,Illinois State,fcs,28,4,Illinois State,2.5,,,-11.350581126983915,15.350581126983915,1.5,235.64034093611477,2.25,0,1,0,0,-1.0,-1.0
401864575,2026,2,true,Tulane,fbs,28,South Alabama,fbs,24,-4,Tulane,-9.5,-360,285,-10.763991430949016,6.763991430949016,5.5,45.751580077951715,30.25,1,1,0,0,1.2777777777777777,0.2777777777777777
401864575,2026,2,true,Tulane,fbs,28,South Alabama,fbs,24,-4,Tulane,-9.5,-420,315,-10.763991430949016,6.763991430949016,5.5,45.751580077951715,30.25,1,1,0,0,1.2380952380952381,0.23809523809523814
401864575,2026,2,true,Tulane,fbs,28,South Alabama,fbs,24,-4,Tulane,-9.5,,,-10.763991430949016,6.763991430949016,5.5,45.751580077951715,30.25,1,1,0,0,0.0,0.0
401869955,2026,2,true,Kennesaw State,fbs,17,Georgia State,fbs,31,14,Georgia State,-7.0,-298,240,1.2188058809238775,12.781194119076122,21.0,163.35892310950607,441.0,1,0,1,1,3.4,2.4
401869955,2026,2,true,Kennesaw State,fbs,17,Georgia State,fbs,31,14,Georgia State,-7.5,-360,280,1.2188058809238775,12.781194119076122,21.5,163.35892310950607,462.25,1,0,1,1,3.8000000000000003,2.8000000000000003
401869955,2026,2,true,Kennesaw State,fbs,17,Georgia State,fbs,31,14,Georgia State,-7.5,,,1.2188058809238775,12.781194119076122,21.5,163.35892310950607,462.25,1,0,1,1,0.0,0.0
401856787,2026,2,true,Houston,fbs,77,Southern,fcs,6,-71,Houston,-51.666666666666664,,,-26.776759304139436,44.22324069586057,19.333333333333336,1955.6950176440182,373.7777777777779,1,1,0,0,0.0,0.0
401868355,2026,2,true,Alcorn State,fcs,53,Arkansas-Pine Bluff,fcs,51,-2,Alcorn State,-8.5,-346,261,-7.845323788205688,5.845323788205688,6.5,34.167810188963294,42.25,1,1,1,1,1.2890173410404624,0.2890173410404624
401868355,2026,2,true,Alcorn State,fcs,53,Arkansas-Pine Bluff,fcs,51,-2,Alcorn State,-8.5,,,-7.845323788205688,5.845323788205688,6.5,34.167810188963294,42.25,1,1,1,1,0.0,0.0
401871045,2026,2,true,Marshall,fbs,28,Middle Tennessee,fbs,26,-2,Marshall,-12.5,-535,400,-4.496771804484585,2.4967718044845846,10.5,6.233869443669208,110.25,1,1,1,1,1.1869158878504673,0.1869158878504673
401871045,2026,2,true,Marshall,fbs,28,Middle Tennessee,fbs,26,-2,Marshall,-13.0,-750,500,-4.496771804484585,2.4967718044845846,11.0,6.233869443669208,121.0,1,1,1,1,1.1333333333333333,0.1333333333333333
401871045,2026,2,true,Marshall,fbs,28,Middle Tennessee,fbs,26,-2,Marshall,-11.5,,,-4.496771804484585,2.4967718044845846,9.5,6.233869443669208,90.25,1,1,1,1,0.0,0.0
401868150,2026,2,true,SE Louisiana,fcs,30,North Alabama,fcs,25,-5,SE Louisiana,-6.5,-204,162,-10.475076701161388,5.475076701161388,1.5,29.97646488360027,2.25,1,1,0,0,1.4901960784313726,0.4901960784313726
401868150,2026,2,true,SE Louisiana,fcs,30,North Alabama,fcs,25,-5,SE Louisiana,-6.5,,,-10.475076701161388,5.475076701161388,1.5,29.97646488360027,2.25,1,1,0,0,0.0,0.0
401858441,2026,2,true,Nebraska,fbs,56,Bowling Green,fbs,7,-49,Nebraska,-30.5,-9000,2500,-23.256458618318884,25.743541381681116,18.5,662.7299228703281,342.25,1,1,0,0,1.011111111111111,0.011111111111111072
401858441,2026,2,true,Nebraska,fbs,56,Bowling Green,fbs,7,-49,Nebraska,-30.5,-10000,1600,-23.256458618318884,25.743541381681116,18.5,662.7299228703281,342.25,1,1,0,0,1.01,0.010000000000000009
401858441,2026,2,true,Nebraska,fbs,56,Bowling Green,fbs,7,-49,Nebraska,-30.5,,,-23.256458618318884,25.743541381681116,18.5,662.7299228703281,342.25,1,1,0,0,0.0,0.0
401856681,2026,2,true,Georgia Tech,fbs,24,Tennessee,fbs,45,21,Tennessee,12.5,370,-485,14.963415160364306,6.036584839635694,8.5,36.440356526119494,72.25,1,1,1,1,1.2061855670103092,0.2061855670103092
401856681,2026,2,true,Georgia Tech,fbs,24,Tennessee,fbs,45,21,Tennessee,12.5,390,-550,14.963415160364306,6.036584839635694,8.5,36.440356526119494,72.25,1,1,1,1,1.1818181818181819,0.18181818181818188
401856681,2026,2,true,Georgia Tech,fbs,24,Tennessee,fbs,45,21,Tennessee,12.5,,,14.963415160364306,6.036584839635694,8.5,36.440356526119494,72.25,1,1,1,1,0.0,0.0
401860882,2026,2,true,Colorado State,fbs,58,Southern Utah,fcs,24,-34,Colorado State,-19.5,-1350,800,-7.897239425724759,26.10276057427524,14.5,681.3541095979378,210.25,1,1,0,0,1.074074074074074,0.07407407407407396
401860882,2026,2,true,Colorado State,fbs,58,Southern Utah,fcs,24,-34,Colorado State,-20.0,-1400,750,-7.897239425724759,26.10276057427524,14.0,681.3541095979378,196.0,1,1,0,0,1.0714285714285714,0.0714285714285714
401860882,2026,2,true,Colorado State,fbs,58,Southern Utah,fcs,24,-34,Colorado State,-19.5,,,-7.897239425724759,26.10276057427524,14.5,681.3541095979378,210.25,1,1,0,0,0.0,0.0
401862707,2026,2,true,Sam Houston,fbs,17,Tulsa,fbs,23,6,Tulsa,12.5,380,-500,10.066718768424803,4.066718768424803,6.5,16.538201541458545,42.25,1,1,1,1,1.2,0.19999999999999996
401862707,2026,2,true,Sam Houston,fbs,17,Tulsa,fbs,23,6,Tulsa,11.5,425,-600,10.066718768424803,4.066718768424803,5.5,16.538201541458545,30.25,1,1,1,1,1.1666666666666667,0.16666666666666674
401862707,2026,2,true,Sam Houston,fbs,17,Tulsa,fbs,23,6,Tulsa,12.5,,,10.066718768424803,4.066718768424803,6.5,16.538201541458545,42.25,1,1,1,1,0.0,0.0
401867856,2026,2,true,Eastern Illinois,fcs,35,Indiana State,fcs,42,7,Indiana State,3.0,124,-154,-2.4687949494761225,9.468794949476123,4.0,89.65807779522454,16.0,0,1,0,0,-1.0,-1.0
401867856,2026,2,true,Eastern Illinois,fcs,35,Indiana State,fcs,42,7,Indiana State,3.0,,,-2.4687949494761225,9.468794949476123,4.0,89.65807779522454,16.0,0,1,0,0,-1.0,-1.0
401871046,2026,2,true,Missouri State,fbs,48,Lindenwood,fcs,14,-34,Missouri State,-16.5,-850,575,-8.980004206135005,25.019995793864993,17.5,626.0001895250219,306.25,1,1,0,0,1.1176470588235294,0.11764705882352944
401871046,2026,2,true,Missouri State,fbs,48,Lindenwood,fcs,14,-34,Missouri State,-17.0,-850,550,-8.980004206135005,25.019995793864993,17.0,626.0001895250219,289.0,1,1,0,0,1.1176470588235294,0.11764705882352944
401871046,2026,2,true,Missouri State,fbs,48,Lindenwood,fcs,14,-34,Missouri State,-16.5,,,-8.980004206135005,25.019995793864993,17.5,626.0001895250219,306.25,1,1,0,0,0.0,0.0
401869130,2026,2,true,East Texas A&M,fcs,38,Northwestern State,fcs,14,-24,East Texas A&M,-20.5,-1320,710,-14.811558621185512,9.188441378814488,3.5,84.4274549719103,12.25,1,1,0,0,1.0757575757575757,0.07575757575757569
401869130,2026,2,true,East Texas A&M,fcs,38,Northwestern State,fcs,14,-24,East Texas A&M,-20.5,,,-14.811558621185512,9.188441378814488,3.5,84.4274549719103,12.25,1,1,0,0,0.0,0.0
401867890,2026,2,true,Southern Illinois,fcs,34,Southeast Missouri State,fcs,20,-14,Southern Illinois,-7.5,-355,266,-5.356304506099882,8.643695493900118,6.5,74.71347179126921,42.25,1,1,0,0,1.2816901408450705,0.2816901408450705
401867890,2026,2,true,Southern Illinois,fcs,34,Southeast Missouri State,fcs,20,-14,Southern Illinois,-7.5,,,-5.356304506099882,8.643695493900118,6.5,74.71347179126921,42.25,1,1,0,0,0.0,0.0
401868195,2026,2,true,Alabama A&M,fcs,30,Tennessee State,fcs,3,-27,Alabama A&M,3.5,118,-147,-3.801422847420831,23.19857715257917,30.5,538.1739819041683,930.25,1,0,1,1,2.1799999999999997,1.1799999999999997
401868195,2026,2,true,Alabama A&M,fcs,30,Tennessee State,fcs,3,-27,Alabama A&M,3.5,,,-3.801422847420831,23.19857715257917,30.5,538.1739819041683,930.25,1,0,1,1,0.0,0.0
401856680,2026,2,true,South Carolina,fbs,45,Towson,fcs,9,-36,South Carolina,-44.5,,,-36.623054171657735,0.6230541716577349,8.5,0.3881965008201062,72.25,1,1,1,1,0.0,0.0
401867867,2026,2,true,Murray State,fcs,27,Valparaiso,fcs,18,-9,Murray State,-14.5,-810,515,-0.7561384035072809,8.243861596492719,5.5,67.96125402212748,30.25,1,1,1,0,1.123456790123457,0.1234567901234569
401867867,2026,2,true,Murray State,fcs,27,Valparaiso,fcs,18,-9,Murray State,-14.0,,,-0.7561384035072809,8.243861596492719,5.0,67.96125402212748,25.0,1,1,1,0,0.0,0.0
401868386,2026,2,true,Tennessee Tech,fcs,45,Samford,fcs,19,-26,Tennessee Tech,-26.5,-5900,1340,-16.05041386697042,9.94958613302958,0.5,98.99426421857451,0.25,1,1,1,0,1.0169491525423728,0.016949152542372836
401868386,2026,2,true,Tennessee Tech,fcs,45,Samford,fcs,19,-26,Tennessee Tech,-26.5,,,-16.05041386697042,9.94958613302958,0.5,98.99426421857451,0.25,1,1,1,0,0.0,0.0
401856786,2026,2,true,Cincinnati,fbs,62,Western Carolina,fcs,10,-52,Cincinnati,-36.5,,,-31.82932656932303,20.17067343067697,15.5,406.8560666470179,240.25,1,1,0,0,0.0,0.0
401858447,2026,2,true,Wisconsin,fbs,36,Western Illinois,fcs,9,-27,Wisconsin,-43.333333333333336,,,-19.763273306062615,7.236726693937385,16.333333333333336,52.37021324274591,266.7777777777778,1,1,1,1,0.0,0.0
401858443,2026,2,true,UCLA,fbs,28,San Diego State,fbs,10,-18,UCLA,-13.5,-535,400,-7.858852008204204,10.141147991795796,4.5,102.84288259150391,20.25,1,1,0,0,1.1869158878504673,0.1869158878504673
401858443,2026,2,true,UCLA,fbs,28,San Diego State,fbs,10,-18,UCLA,-13.5,-490,355,-7.858852008204204,10.141147991795796,4.5,102.84288259150391,20.25,1,1,0,0,1.2040816326530612,0.20408163265306123
401858443,2026,2,true,UCLA,fbs,28,San Diego State,fbs,10,-18,UCLA,-13.5,,,-7.858852008204204,10.141147991795796,4.5,102.84288259150391,20.25,1,1,0,0,0.0,0.0
401858219,2026,2,true,Clemson,fbs,22,Georgia Southern,fbs,7,-15,Clemson,-19.5,-1350,800,-12.009289038841995,2.9907109611580047,4.5,8.944352053190636,20.25,1,1,1,1,1.074074074074074,0.07407407407407396
401858219,2026,2,true,Clemson,fbs,22,Georgia Southern,fbs,7,-15,Clemson,-19.5,-1800,850,-12.009289038841995,2.9907109611580047,4.5,8.944352053190636,20.25,1,1,1,1,1.0555555555555556,0.05555555555555558
401858219,2026,2,true,Clemson,fbs,22,Georgia Southern,fbs,7,-15,Clemson,-20.5,,,-12.009289038841995,2.9907109611580047,5.5,8.944352053190636,30.25,1,1,1,1,0.0,0.0
401856788,2026,2,true,Iowa,fbs,16,Iowa State,fbs,13,-3,Iowa,-14.0,-625,455,-3.4470431376571504,0.4470431376571504,11.0,0.19984756692634995,121.0,1,1,1,1,1.16,0.15999999999999992
401856788,2026,2,true,Iowa,fbs,16,Iowa State,fbs,13,-3,Iowa,-14.0,-650,450,-3.4470431376571504,0.4470431376571504,11.0,0.19984756692634995,121.0,1,1,1,1,1.1538461538461537,0.15384615384615374
401856788,2026,2,true,Iowa,fbs,16,Iowa State,fbs,13,-3,Iowa,-14.0,,,-3.4470431376571504,0.4470431376571504,11.0,0.19984756692634995,121.0,1,1,1,1,0.0,0.0
401856783,2026,2,true,Oregon State,fbs,24,Texas Tech,fbs,35,11,Texas Tech,25.5,1400,-3200,24.934728323239582,13.934728323239582,14.5,194.17665344249542,210.25,1,1,1,1,1.03125,0.03125
401856783,2026,2,true,Oregon State,fbs,24,Texas Tech,fbs,35,11,Texas Tech,25.5,1300,-5000,24.934728323239582,13.934728323239582,14.5,194.17665344249542,210.25,1,1,1,1,1.02,0.020000000000000018
401856783,2026,2,true,Oregon State,fbs,24,Texas Tech,fbs,35,11,Texas Tech,25.5,,,24.934728323239582,13.934728323239582,14.5,194.17665344249542,210.25,1,1,1,1,0.0,0.0
401856682,2026,2,true,Texas,fbs,24,Ohio State,fbs,23,-1,Texas,-2.5,-142,120,2.2433816703660767,3.2433816703660767,1.5,10.519524659666642,2.25,0,1,1,0,-1.0,-1.0
401856682,2026,2,true,Texas,fbs,24,Ohio State,fbs,23,-1,Texas,-2.0,-110,-110,2.2433816703660767,3.2433816703660767,1.0,10.519524659666642,1.0,0,1,1,0,-1.0,-1.0
401856682,2026,2,true,Texas,fbs,24,Ohio State,fbs,23,-1,Texas,-2.5,,,2.2433816703660767,3.2433816703660767,1.5,10.519524659666642,2.25,0,1,1,0,-1.0,-1.0
401867796,2026,2,true,LSU,fbs,45,Louisiana Tech,fbs,14,-31,LSU,-34.5,-20000,3500,-27.400605685878283,3.5993943141217173,3.5,12.955639428531748,12.25,1,1,1,0,1.005,0.004999999999999893
401867796,2026,2,true,LSU,fbs,45,Louisiana Tech,fbs,14,-31,LSU,-34.75,,,-27.400605685878283,3.5993943141217173,3.75,12.955639428531748,14.0625,1,1,1,1,0.0,0.0
401868008,2026,2,true,Coastal Carolina,fbs,45,Fordham,fcs,7,-38,Coastal Carolina,-36.5,-100000,5000,-13.08254995727647,24.91745004272353,1.5,620.8793166316228,2.25,1,1,0,0,1.001,0.0009999999999998899
401868008,2026,2,true,Coastal Carolina,fbs,45,Fordham,fcs,7,-38,Coastal Carolina,-37.0,,,-13.08254995727647,24.91745004272353,1.0,620.8793166316228,1.0,1,1,0,0,0.0,0.0
401862703,2026,2,true,Florida Atlantic,fbs,38,Navy,fbs,30,-8,Florida Atlantic,4.0,164,-198,4.872312117276648,12.872312117276648,12.0,165.69641924458722,144.0,0,0,0,0,-1.0,-1.0
401862703,2026,2,true,Florida Atlantic,fbs,38,Navy,fbs,30,-8,Florida Atlantic,4.5,185,-225,4.872312117276648,12.872312117276648,12.5,165.69641924458722,156.25,0,0,0,0,-1.0,-1.0
401862703,2026,2,true,Florida Atlantic,fbs,38,Navy,fbs,30,-8,Florida Atlantic,4.5,,,4.872312117276648,12.872312117276648,12.5,165.69641924458722,156.25,0,0,0,0,-1.0,-1.0
401856671,2026,2,true,Auburn,fbs,43,Southern Miss,fbs,8,-35,Auburn,-32.5,-10000,3000,-29.735836406400914,5.264163593599086,2.5,27.711418340174045,6.25,1,1,0,0,1.01,0.010000000000000009
401856671,2026,2,true,Auburn,fbs,43,Southern Miss,fbs,8,-35,Auburn,-32.75,,,-29.735836406400914,5.264163593599086,2.25,27.711418340174045,5.0625,1,1,0,0,0.0,0.0
401856676,2026,2,true,Ole Miss,fbs,41,Charlotte,fbs,9,-32,Ole Miss,-44.5,,,-44.31813387039175,12.318133870391748,12.5,151.73642204889236,156.25,1,1,1,1,0.0,0.0
401856789,2026,2,true,TCU,fbs,63,Grambling,fcs,7,-56,TCU,-44.5,,,-34.49031153073592,21.509688469264077,11.5,462.666698044792,132.25,1,1,0,0,0.0,0.0
401868050,2026,2,true,Abilene Christian,fcs,7,Stephen F. Austin,fcs,26,19,Stephen F. Austin,3.0,128,-160,1.3097258374152243,17.690274162584775,16.0,312.94579994741446,256.0,1,1,0,0,1.625,0.625
401868050,2026,2,true,Abilene Christian,fcs,7,Stephen F. Austin,fcs,26,19,Stephen F. Austin,3.0,,,1.3097258374152243,17.690274162584775,16.0,312.94579994741446,256.0,1,1,0,0,0.0,0.0
401856784,2026,2,true,Baylor,fbs,44,Prairie View A&M,fcs,3,-41,Baylor,-37.5,,,-25.09721703984052,15.902782960159481,3.5,252.89850587793873,12.25,1,1,0,0,0.0,0.0
401864504,2026,2,true,San José State,fbs,30,Cal Poly,fcs,20,-10,San José State,-21.5,-1800,1000,-15.962496129056117,5.962496129056117,11.5,35.55136008900917,132.25,1,1,1,1,1.0555555555555556,0.05555555555555558
401864504,2026,2,true,San José State,fbs,30,Cal Poly,fcs,20,-10,San José State,-21.5,-1500,775,-15.962496129056117,5.962496129056117,11.5,35.55136008900917,132.25,1,1,1,1,1.0666666666666667,0.06666666666666665
401864504,2026,2,true,San José State,fbs,30,Cal Poly,fcs,20,-10,San José State,-21.5,,,-15.962496129056117,5.962496129056117,11.5,35.55136008900917,132.25,1,1,1,1,0.0,0.0
401864505,2026,2,true,UTEP,fbs,51,Texas Southern,fcs,10,-41,UTEP,-27.5,-4500,1700,-7.128987658931408,33.87101234106859,13.5,1147.245477008821,182.25,1,1,0,0,1.0222222222222221,0.022222222222222143
401864505,2026,2,true,UTEP,fbs,51,Texas Southern,fcs,10,-41,UTEP,-27.0,-4000,1200,-7.128987658931408,33.87101234106859,14.0,1147.245477008821,196.0,1,1,0,0,1.025,0.02499999999999991
401864505,2026,2,true,UTEP,fbs,51,Texas Southern,fcs,10,-41,UTEP,-27.5,,,-7.128987658931408,33.87101234106859,13.5,1147.245477008821,182.25,1,1,0,0,0.0,0.0
401864502,2026,2,true,Air Force,fbs,32,North Dakota State,fbs,38,6,North Dakota State,1.5,105,-125,16.903903368834662,10.903903368834662,4.5,118.8951086768839,20.25,1,1,1,0,1.8,0.8
401864502,2026,2,true,Air Force,fbs,32,North Dakota State,fbs,38,6,North Dakota State,2.0,140,-165,16.903903368834662,10.903903368834662,4.0,118.8951086768839,16.0,1,1,1,0,1.606060606060606,0.606060606060606
401864502,2026,2,true,Air Force,fbs,32,North Dakota State,fbs,38,6,North Dakota State,1.5,,,16.903903368834662,10.903903368834662,4.5,118.8951086768839,20.25,1,1,1,0,0.0,0.0
401867876,2026,2,true,Portland State,fcs,23,North Dakota,fcs,47,24,North Dakota,25.5,1180,-4000,12.107846598663581,11.892153401336419,1.5,141.42331252091736,2.25,1,1,1,0,1.025,0.02499999999999991
401867876,2026,2,true,Portland State,fcs,23,North Dakota,fcs,47,24,North Dakota,25.5,,,12.107846598663581,11.892153401336419,1.5,141.42331252091736,2.25,1,1,1,0,0.0,0.0
401856670,2026,2,true,Utah,fbs,43,Arkansas,fbs,10,-33,Utah,-12.5,-500,380,4.349492095763848,37.34949209576385,20.5,1394.9845598115262,420.25,0,1,0,0,-1.0,-1.0
401856670,2026,2,true,Utah,fbs,43,Arkansas,fbs,10,-33,Utah,-12.5,-525,375,4.349492095763848,37.34949209576385,20.5,1394.9845598115262,420.25,0,1,0,0,-1.0,-1.0
401856670,2026,2,true,Utah,fbs,43,Arkansas,fbs,10,-33,Utah,-13.5,,,4.349492095763848,37.34949209576385,19.5,1394.9845598115262,380.25,0,1,0,0,-1.0,-1.0
401860883,2026,2,true,Fresno State,fbs,49,Sacramento State,fbs,3,-46,Fresno State,-17.5,-900,600,0.4960363255096141,46.496036325509614,28.5,2161.88139398311,812.25,0,1,0,0,-1.0,-1.0
401860883,2026,2,true,Fresno State,fbs,49,Sacramento State,fbs,3,-46,Fresno State,-18.5,-1100,650,0.4960363255096141,46.496036325509614,27.5,2161.88139398311,756.25,0,1,0,0,-1.0,-1.0
401860883,2026,2,true,Fresno State,fbs,49,Sacramento State,fbs,3,-46,Fresno State,-17.5,,,0.4960363255096141,46.496036325509614,28.5,2161.88139398311,812.25,0,1,0,0,-1.0,-1.0
401864500,2026,2,true,Nevada,fbs,7,Montana State,fcs,20,13,Montana State,5.5,155,-180,-4.543471886164534,17.543471886164532,7.5,307.77340582064534,56.25,0,1,0,0,-1.0,-1.0
401864500,2026,2,true,Nevada,fbs,7,Montana State,fcs,20,13,Montana State,4.5,,,-4.543471886164534,17.543471886164532,8.5,307.77340582064534,72.25,0,1,0,0,-1.0,-1.0
401864500,2026,2,true,Nevada,fbs,7,Montana State,fcs,20,13,Montana State,4.5,170,-205,-4.543471886164534,17.543471886164532,8.5,307.77340582064534,72.25,0,1,0,0,-1.0,-1.0
401858445,2026,2,true,USC,fbs,49,Louisiana,fbs,30,-19,USC,-30.5,-5000,1800,-37.30356286319303,18.30356286319303,11.5,335.020413486859,132.25,1,1,0,0,1.02,0.020000000000000018
401858445,2026,2,true,USC,fbs,49,Louisiana,fbs,30,-19,USC,-31.0,-10000,1600,-37.30356286319303,18.30356286319303,12.0,335.020413486859,144.0,1,1,0,0,1.01,0.010000000000000009
401858445,2026,2,true,USC,fbs,49,Louisiana,fbs,30,-19,USC,-30.5,,,-37.30356286319303,18.30356286319303,11.5,335.020413486859,132.25,1,1,0,0,0.0,0.0
401864578,2026,2,true,Hawai'i,fbs,29,New Mexico State,fbs,19,-10,Hawai'i,-7.5,-298,240,-16.314512740064668,6.314512740064668,2.5,39.873071144439,6.25,1,1,1,0,1.3355704697986577,0.3355704697986577
401864578,2026,2,true,Hawai'i,fbs,29,New Mexico State,fbs,19,-10,Hawai'i,-7.5,-410,305,-16.314512740064668,6.314512740064668,2.5,39.873071144439,6.25,1,1,1,0,1.2439024390243902,0.24390243902439024
401864578,2026,2,true,Hawai'i,fbs,29,New Mexico State,fbs,19,-10,Hawai'i,-7.5,,,-16.314512740064668,6.314512740064668,2.5,39.873071144439,6.25,1,1,1,0,0.0,0.0
401858225,2026,3,true,Pittsburgh,fbs,27,Syracuse,fbs,13,-14,Pittsburgh,-10.5,-425,330,-5.804283861187246,8.195716138812754,3.5,67.16976302799584,12.25,1,1,0,0,1.2352941176470589,0.23529411764705888
401858225,2026,3,true,Pittsburgh,fbs,27,Syracuse,fbs,13,-14,Pittsburgh,-11.0,-450,335,-5.804283861187246,8.195716138812754,3.0,67.16976302799584,9.0,1,1,0,0,1.2222222222222223,0.22222222222222232
401858225,2026,3,true,Pittsburgh,fbs,27,Syracuse,fbs,13,-14,Pittsburgh,-10.5,,,-5.804283861187246,8.195716138812754,3.5,67.16976302799584,12.25,1,1,0,0,0.0,0.0
401858226,2026,3,true,Wake Forest,fbs,20,Miami,fbs,33,13,Miami,20.5,900,-1600,20.482722605842397,7.4827226058423975,7.5,55.99113759598484,56.25,1,1,1,1,1.0625,0.0625
401858226,2026,3,true,Wake Forest,fbs,20,Miami,fbs,33,13,Miami,20.0,900,-1900,20.482722605842397,7.4827226058423975,7.0,55.99113759598484,49.0,1,1,0,0,1.0526315789473684,0.05263157894736836
401858226,2026,3,true,Wake Forest,fbs,20,Miami,fbs,33,13,Miami,20.5,,,20.482722605842397,7.4827226058423975,7.5,55.99113759598484,56.25,1,1,1,1,0.0,0.0
401856811,2026,3,true,Texas Tech,fbs,28,Houston,fbs,26,-2,Texas Tech,-7.5,-310,250,-7.673532882996961,5.673532882996961,5.5,32.18897537444781,30.25,1,1,0,0,1.3225806451612903,0.32258064516129026
401856811,2026,3,true,Texas Tech,fbs,28,Houston,fbs,26,-2,Texas Tech,-8.5,-300,270,-7.673532882996961,5.673532882996961,6.5,32.18897537444781,42.25,1,1,1,1,1.3333333333333333,0.33333333333333326
401856811,2026,3,true,Texas Tech,fbs,28,Houston,fbs,26,-2,Texas Tech,-7.5,,,-7.673532882996961,5.673532882996961,5.5,32.18897537444781,30.25,1,1,0,0,0.0,0.0
401858455,2026,3,true,Oregon,fbs,84,Portland State,fcs,0,-84,Oregon,-58.5,,,-57.38279254125153,26.617207458748467,25.5,708.475732902055,650.25,1,1,0,0,0.0,0.0
401869940,2026,3,true,Delaware,fbs,22,Coastal Carolina,fbs,14,-8,Delaware,-4.5,-205,170,-5.547808291268812,2.4521917087311884,3.5,6.0132441763699855,12.25,1,1,1,1,1.4878048780487805,0.4878048780487805
401869940,2026,3,true,Delaware,fbs,22,Coastal Carolina,fbs,14,-8,Delaware,-5.5,-210,175,-5.547808291268812,2.4521917087311884,2.5,6.0132441763699855,6.25,1,1,1,1,1.4761904761904763,0.4761904761904763
401869940,2026,3,true,Delaware,fbs,22,Coastal Carolina,fbs,14,-8,Delaware,-4.5,,,-5.547808291268812,2.4521917087311884,3.5,6.0132441763699855,12.25,1,1,1,1,0.0,0.0
401858228,2026,3,true,Georgia Tech,fbs,44,Mercer,fcs,11,-33,Georgia Tech,-38.5,,,-23.974895223923454,9.025104776076546,5.5,81.45251621915968,30.25,1,1,1,0,0.0,0.0
401860889,2026,3,true,Texas State,fbs,49,North Texas,fbs,35,-14,Texas State,-3.0,-142,120,-3.6769521219624153,10.323047878037585,11.0,106.56531749225628,121.0,1,1,1,1,1.704225352112676,0.704225352112676
401860889,2026,3,true,Texas State,fbs,49,North Texas,fbs,35,-14,Texas State,-3.0,-150,130,-3.6769521219624153,10.323047878037585,11.0,106.56531749225628,121.0,1,1,1,1,1.6666666666666665,0.6666666666666665
401860889,2026,3,true,Texas State,fbs,49,North Texas,fbs,35,-14,Texas State,-3.0,,,-3.6769521219624153,10.323047878037585,11.0,106.56531749225628,121.0,1,1,1,1,0.0,0.0
401856792,2026,3,true,Kansas State,fbs,31,Tulane,fbs,20,-11,Kansas State,-20.5,-1450,850,-14.46984390739694,3.4698439073969407,9.5,12.039816741699669,90.25,1,1,1,1,1.0689655172413792,0.06896551724137923
401856792,2026,3,true,Kansas State,fbs,31,Tulane,fbs,20,-11,Kansas State,-20.5,-1300,725,-14.46984390739694,3.4698439073969407,9.5,12.039816741699669,90.25,1,1,1,1,1.0769230769230769,0.07692307692307687
401856792,2026,3,true,Kansas State,fbs,31,Tulane,fbs,20,-11,Kansas State,-20.5,,,-14.46984390739694,3.4698439073969407,9.5,12.039816741699669,90.25,1,1,1,1,0.0,0.0
401856798,2026,3,true,Iowa State,fbs,55,Bowling Green,fbs,7,-48,Iowa State,-23.0,-2200,1000,-31.839859117380747,16.160140882619253,25.0,261.1501533461022,625.0,1,1,1,1,1.0454545454545454,0.045454545454545414
401856798,2026,3,true,Iowa State,fbs,55,Bowling Green,fbs,7,-48,Iowa State,-23.5,-2400,1200,-31.839859117380747,16.160140882619253,24.5,261.1501533461022,600.25,1,1,1,1,1.0416666666666667,0.04166666666666674
401856798,2026,3,true,Iowa State,fbs,55,Bowling Green,fbs,7,-48,Iowa State,-22.5,,,-31.839859117380747,16.160140882619253,25.5,261.1501533461022,650.25,1,1,1,1,0.0,0.0
401858451,2026,3,true,Minnesota,fbs,41,Akron,fbs,7,-34,Minnesota,-22.5,-3200,1400,-27.419137705377235,6.580862294622765,11.5,43.30774854078761,132.25,1,1,1,1,1.03125,0.03125
401858451,2026,3,true,Minnesota,fbs,41,Akron,fbs,7,-34,Minnesota,-22.5,-5000,1300,-27.419137705377235,6.580862294622765,11.5,43.30774854078761,132.25,1,1,1,1,1.02,0.020000000000000018
401858451,2026,3,true,Minnesota,fbs,41,Akron,fbs,7,-34,Minnesota,-22.5,,,-27.419137705377235,6.580862294622765,11.5,43.30774854078761,132.25,1,1,1,1,0.0,0.0
401858456,2026,3,true,Penn State,fbs,55,Buffalo,fbs,13,-42,Penn State,-39.666666666666664,,,-34.85216327176499,7.1478367282350135,2.3333333333333357,51.09156989350542,5.444444444444455,1,1,0,0,0.0,0.0
401858454,2026,3,true,Ohio State,fbs,59,Kent State,fbs,3,-56,Ohio State,-52.333333333333336,,,-60.71192128242211,4.711921282422111,3.6666666666666643,22.202202171742428,13.444444444444427,1,1,1,0,0.0,0.0
401856686,2026,3,true,Arkansas,fbs,17,Georgia,fbs,45,28,Georgia,24.5,1300,-2800,13.703239712417783,14.296760287582217,3.5,204.39735472058794,12.25,1,1,0,0,1.0357142857142858,0.03571428571428581
401856686,2026,3,true,Arkansas,fbs,17,Georgia,fbs,45,28,Georgia,24.5,1100,-3300,13.703239712417783,14.296760287582217,3.5,204.39735472058794,12.25,1,1,0,0,1.0303030303030303,0.030303030303030276
401856686,2026,3,true,Arkansas,fbs,17,Georgia,fbs,45,28,Georgia,24.5,,,13.703239712417783,14.296760287582217,3.5,204.39735472058794,12.25,1,1,0,0,0.0,0.0
401858229,2026,3,true,Clemson,fbs,28,North Carolina,fbs,20,-8,Clemson,-3.0,-148,124,1.3547356657145286,9.354735665714529,5.0,87.51107937539145,25.0,0,1,0,0,-1.0,-1.0
401858229,2026,3,true,Clemson,fbs,28,North Carolina,fbs,20,-8,Clemson,-3.0,-170,135,1.3547356657145286,9.354735665714529,5.0,87.51107937539145,25.0,0,1,0,0,-1.0,-1.0
401858229,2026,3,true,Clemson,fbs,28,North Carolina,fbs,20,-8,Clemson,-3.0,,,1.3547356657145286,9.354735665714529,5.0,87.51107937539145,25.0,0,1,0,0,-1.0,-1.0
401867908,2026,3,true,Long Island University,fcs,16,Villanova,fcs,20,4,Villanova,18.5,830,-1740,2.1798826332107804,1.8201173667892196,14.5,3.3128272288877225,210.25,1,1,1,1,1.0574712643678161,0.05747126436781613
401867908,2026,3,true,Long Island University,fcs,16,Villanova,fcs,20,4,Villanova,18.5,,,2.1798826332107804,1.8201173667892196,14.5,3.3128272288877225,210.25,1,1,1,1,0.0,0.0
401867817,2026,3,true,Columbia,fcs,40,Lafayette,fcs,34,-6,Columbia,-3.0,-170,136,3.645353792905002,9.645353792905002,3.0,93.03284979030691,9.0,0,1,0,0,-1.0,-1.0
401867817,2026,3,true,Columbia,fcs,40,Lafayette,fcs,34,-6,Columbia,-3.0,,,3.645353792905002,9.645353792905002,3.0,93.03284979030691,9.0,0,1,0,0,-1.0,-1.0
401867834,2026,3,true,Lehigh,fcs,24,Dartmouth,fcs,20,-4,Lehigh,-17.5,-960,577,-6.968080479739038,2.9680804797390383,13.5,8.80950173420792,182.25,1,1,1,1,1.1041666666666667,0.10416666666666674
401867834,2026,3,true,Lehigh,fcs,24,Dartmouth,fcs,20,-4,Lehigh,-17.5,,,-6.968080479739038,2.9680804797390383,13.5,8.80950173420792,182.25,1,1,1,1,0.0,0.0
401856812,2026,3,true,Kansas,fbs,17,Arizona State,fbs,24,7,Arizona State,5.5,180,-218,-1.2982625757390815,8.29826257573908,1.5,68.8611617759118,2.25,0,1,0,0,-1.0,-1.0
401856812,2026,3,true,Kansas,fbs,17,Arizona State,fbs,24,7,Arizona State,5.0,190,-230,-1.2982625757390815,8.29826257573908,2.0,68.8611617759118,4.0,0,1,0,0,-1.0,-1.0
401856812,2026,3,true,Kansas,fbs,17,Arizona State,fbs,24,7,Arizona State,5.5,,,-1.2982625757390815,8.29826257573908,1.5,68.8611617759118,2.25,0,1,0,0,-1.0,-1.0
401858460,2026,3,true,Wisconsin,fbs,54,Eastern Michigan,fbs,10,-44,Wisconsin,-23.5,-2400,1200,-11.694810950973299,32.3051890490267,20.5,1043.6252394933547,420.25,1,1,0,0,1.0416666666666667,0.04166666666666674
401858460,2026,3,true,Wisconsin,fbs,54,Eastern Michigan,fbs,10,-44,Wisconsin,-23.5,-3300,1100,-11.694810950973299,32.3051890490267,20.5,1043.6252394933547,420.25,1,1,0,0,1.0303030303030303,0.030303030303030276
401858460,2026,3,true,Wisconsin,fbs,54,Eastern Michigan,fbs,10,-44,Wisconsin,-23.5,,,-11.694810950973299,32.3051890490267,20.5,1043.6252394933547,420.25,1,1,0,0,0.0,0.0
401856695,2026,3,true,Vanderbilt,fbs,35,NC State,fbs,31,-4,Vanderbilt,-3.0,-185,160,-7.6728284374111055,3.6728284374111055,1.0,13.489668730655703,1.0,1,1,1,0,1.5405405405405406,0.5405405405405406
401856695,2026,3,true,Vanderbilt,fbs,35,NC State,fbs,31,-4,Vanderbilt,-3.0,-155,130,-7.6728284374111055,3.6728284374111055,1.0,13.489668730655703,1.0,1,1,1,0,1.6451612903225805,0.6451612903225805
401856695,2026,3,true,Vanderbilt,fbs,35,NC State,fbs,31,-4,Vanderbilt,-3.0,,,-7.6728284374111055,3.6728284374111055,1.0,13.489668730655703,1.0,1,1,1,0,0.0,0.0
401866638,2026,3,true,Bryant,fcs,21,Princeton,fcs,14,-7,Bryant,2.5,121,-150,-2.6002306283310497,4.399769371668951,9.5,19.357970523876194,90.25,1,0,1,1,2.21,1.21
401866638,2026,3,true,Bryant,fcs,21,Princeton,fcs,14,-7,Bryant,2.5,,,-2.6002306283310497,4.399769371668951,9.5,19.357970523876194,90.25,1,0,1,1,0.0,0.0
401867857,2026,3,true,Indiana State,fcs,39,Valparaiso,fcs,16,-23,Indiana State,-22.5,-2900,1060,-3.5700232016524573,19.429976798347543,0.5,377.5239983843238,0.25,1,1,0,0,1.0344827586206897,0.034482758620689724
401867857,2026,3,true,Indiana State,fcs,39,Valparaiso,fcs,16,-23,Indiana State,-22.5,,,-3.5700232016524573,19.429976798347543,0.5,377.5239983843238,0.25,1,1,0,0,0.0,0.0
401867826,2026,3,true,Colgate,fcs,20,Cornell,fcs,7,-13,Colgate,-12.5,-551,384,0.0931655791505146,13.093165579150515,0.5,171.43098488305185,0.25,0,1,0,0,-1.0,-1.0
401867826,2026,3,true,Colgate,fcs,20,Cornell,fcs,7,-13,Colgate,-12.5,,,0.0931655791505146,13.093165579150515,0.5,171.43098488305185,0.25,0,1,0,0,-1.0,-1.0
401868397,2026,3,true,Davidson,fcs,27,VMI,fcs,24,-3,Davidson,4.0,125,-156,-7.422812979932563,4.422812979932563,7.0,19.561274655459957,49.0,1,0,1,1,2.25,1.25
401868397,2026,3,true,Davidson,fcs,27,VMI,fcs,24,-3,Davidson,4.0,,,-7.422812979932563,4.422812979932563,7.0,19.561274655459957,49.0,1,0,1,1,0.0,0.0
401864508,2026,3,true,Central Michigan,fbs,24,Wyoming,fbs,10,-14,Central Michigan,1.5,102,-122,-1.6373190408396638,12.362680959160336,15.5,152.83588049798553,240.25,1,0,1,1,2.02,1.02
401864508,2026,3,true,Central Michigan,fbs,24,Wyoming,fbs,10,-14,Central Michigan,2.0,-120,100,-1.6373190408396638,12.362680959160336,16.0,152.83588049798553,256.0,1,0,1,1,1.8333333333333335,0.8333333333333335
401864508,2026,3,true,Central Michigan,fbs,24,Wyoming,fbs,10,-14,Central Michigan,1.5,,,-1.6373190408396638,12.362680959160336,15.5,152.83588049798553,240.25,1,0,1,1,0.0,0.0
401866639,2026,3,true,New Hampshire,fcs,7,Harvard,fcs,31,24,Harvard,14.5,554,-900,6.617623487011727,17.382376512988273,9.5,302.14701323928637,90.25,1,1,0,0,1.1111111111111112,0.11111111111111116
401866639,2026,3,true,New Hampshire,fcs,7,Harvard,fcs,31,24,Harvard,14.5,,,6.617623487011727,17.382376512988273,9.5,302.14701323928637,90.25,1,1,0,0,0.0,0.0
401858448,2026,3,true,Illinois,fbs,48,Southern Illinois,fcs,10,-38,Illinois,-34.666666666666664,,,-26.661661821822335,11.338338178177665,3.3333333333333357,128.55791264272122,11.111111111111127,1,1,0,0,0.0,0.0
401858227,2026,3,true,Boston College,fbs,22,Maine,fcs,16,-6,Boston College,-37.5,,,-24.512742326176724,18.512742326176724,31.5,342.7216284354152,992.25,1,1,1,1,0.0,0.0
401868023,2026,3,true,Holy Cross,fcs,28,Yale,fcs,38,10,Yale,21.0,800,-1640,8.518028241380474,1.481971758619526,11.0,2.1962402933458507,121.0,1,1,1,1,1.0609756097560976,0.060975609756097615
401868023,2026,3,true,Holy Cross,fcs,28,Yale,fcs,38,10,Yale,21.0,,,8.518028241380474,1.481971758619526,11.0,2.1962402933458507,121.0,1,1,1,1,0.0,0.0
401868159,2026,3,true,St. Thomas (MN),fcs,28,Southern Utah,fcs,26,-2,St. Thomas (MN),12.5,294,-398,-2.7602186285311205,0.7602186285311205,14.5,0.5779323631657378,210.25,1,0,1,1,3.94,2.94
401868159,2026,3,true,St. Thomas (MN),fcs,28,Southern Utah,fcs,26,-2,St. Thomas (MN),12.5,,,-2.7602186285311205,0.7602186285311205,14.5,0.5779323631657378,210.25,1,0,1,1,0.0,0.0
401868275,2026,3,true,Western Carolina,fcs,58,Presbyterian,fcs,14,-44,Western Carolina,-33.5,,,2.989407625216521,46.98940762521652,10.5,2208.0044289687567,110.25,0,1,0,0,-1.0,-1.0
401866634,2026,3,true,Stony Brook,fcs,56,Rhode Island,fcs,24,-32,Stony Brook,9.5,260,-346,4.770217065130396,36.770217065130396,41.5,1352.0488630168065,1722.25,0,0,1,1,-1.0,-1.0
401866634,2026,3,true,Stony Brook,fcs,56,Rhode Island,fcs,24,-32,Stony Brook,9.5,,,4.770217065130396,36.770217065130396,41.5,1352.0488630168065,1722.25,0,0,1,1,-1.0,-1.0
401867991,2026,3,true,Bucknell,fcs,7,Pennsylvania,fcs,20,13,Pennsylvania,3.5,155,-195,0.985448459364121,12.014551540635878,9.5,144.34944872259595,90.25,1,1,0,0,1.5128205128205128,0.5128205128205128
401867991,2026,3,true,Bucknell,fcs,7,Pennsylvania,fcs,20,13,Pennsylvania,3.5,,,0.985448459364121,12.014551540635878,9.5,144.34944872259595,90.25,1,1,0,0,0.0,0.0
401862774,2026,3,true,Toledo,fbs,49,Temple,fbs,48,-1,Toledo,-5.0,-210,175,-8.632849128362029,7.632849128362029,4.0,58.260385816336985,16.0,1,1,0,0,1.4761904761904763,0.4761904761904763
401862774,2026,3,true,Toledo,fbs,49,Temple,fbs,48,-1,Toledo,-4.5,-205,170,-8.632849128362029,7.632849128362029,3.5,58.260385816336985,12.25,1,1,0,0,1.4878048780487805,0.4878048780487805
401862774,2026,3,true,Toledo,fbs,49,Temple,fbs,48,-1,Toledo,-4.5,,,-8.632849128362029,7.632849128362029,3.5,58.260385816336985,12.25,1,1,0,0,0.0,0.0
401867846,2026,3,true,Illinois State,fcs,49,Eastern Illinois,fcs,13,-36,Illinois State,-29.5,,,-4.816551751311627,31.18344824868837,6.5,972.4074446786259,42.25,1,1,0,0,0.0,0.0
401867898,2026,3,true,Montana State,fcs,35,Central Connecticut,fcs,30,-5,Montana State,-40.666666666666664,,,-15.052176971478726,10.052176971478726,35.666666666666664,101.04626186592722,1272.1111111111109,1,1,1,1,0.0,0.0
401858230,2026,3,true,Louisville,fbs,41,SMU,fbs,31,-10,Louisville,-3.0,-142,120,4.010505174202438,14.010505174202438,7.0,196.29425523635328,49.0,0,1,0,0,-1.0,-1.0
401858230,2026,3,true,Louisville,fbs,41,SMU,fbs,31,-10,Louisville,-3.0,-115,-105,4.010505174202438,14.010505174202438,7.0,196.29425523635328,49.0,0,1,0,0,-1.0,-1.0
401858230,2026,3,true,Louisville,fbs,41,SMU,fbs,31,-10,Louisville,-3.0,,,4.010505174202438,14.010505174202438,7.0,196.29425523635328,49.0,0,1,0,0,-1.0,-1.0
401856801,2026,3,true,Utah,fbs,33,Utah State,fbs,0,-33,Utah,-26.5,-4500,1700,-27.358122976880612,5.641877023119388,6.5,31.83077634400249,42.25,1,1,1,1,1.0222222222222221,0.022222222222222143
401856801,2026,3,true,Utah,fbs,33,Utah State,fbs,0,-33,Utah,-26.0,-7000,1300,-27.358122976880612,5.641877023119388,7.0,31.83077634400249,49.0,1,1,1,1,1.0142857142857142,0.014285714285714235
401856801,2026,3,true,Utah,fbs,33,Utah State,fbs,0,-33,Utah,-26.5,,,-27.358122976880612,5.641877023119388,6.5,31.83077634400249,42.25,1,1,1,1,0.0,0.0
401858233,2026,3,true,California,fbs,49,Wagner,fcs,7,-42,California,-58.166666666666664,,,-20.540385112430055,21.459614887569945,16.166666666666664,460.5150711228136,261.36111111111103,1,1,1,0,0.0,0.0
401868018,2026,3,true,Richmond,fcs,24,Georgetown,fcs,21,-3,Richmond,-15.5,-575,397,-2.427556097043272,0.5724439029567279,12.5,0.32769202203233166,156.25,1,1,1,1,1.1739130434782608,0.17391304347826075
401868018,2026,3,true,Richmond,fcs,24,Georgetown,fcs,21,-3,Richmond,-15.5,,,-2.427556097043272,0.5724439029567279,12.5,0.32769202203233166,156.25,1,1,1,1,0.0,0.0
401856797,2026,3,true,Cincinnati,fbs,35,Miami (OH),fbs,31,-4,Cincinnati,-14.5,-650,470,-29.187018613900968,25.187018613900968,10.5,634.3859066569938,110.25,1,1,0,0,1.1538461538461537,0.15384615384615374
401856797,2026,3,true,Cincinnati,fbs,35,Miami (OH),fbs,31,-4,Cincinnati,-14.5,-675,460,-29.187018613900968,25.187018613900968,10.5,634.3859066569938,110.25,1,1,0,0,1.1481481481481481,0.14814814814814814
401856797,2026,3,true,Cincinnati,fbs,35,Miami (OH),fbs,31,-4,Cincinnati,-14.5,,,-29.187018613900968,25.187018613900968,10.5,634.3859066569938,110.25,1,1,0,0,0.0,0.0
401860890,2026,3,true,Washington State,fbs,48,Duquesne,fcs,7,-41,Washington State,-38.5,,,-9.144116323003097,31.855883676996903,2.5,1014.7973248423577,6.25,1,1,0,0,0.0,0.0
401866424,2026,3,true,Massachusetts,fbs,36,Stonehill,fcs,14,-22,Massachusetts,-30.666666666666668,,,6.972339881449916,28.972339881449916,8.666666666666668,839.3964782062533,75.11111111111113,0,1,1,0,-1.0,-1.0
401856694,2026,3,true,Texas A&M,fbs,21,Kentucky,fbs,31,10,Kentucky,-16.5,-850,575,-24.651215914863595,34.6512159148636,26.5,1200.7067643784962,702.25,0,0,0,0,-1.0,-1.0
401856694,2026,3,true,Texas A&M,fbs,21,Kentucky,fbs,31,10,Kentucky,-16.5,-750,500,-24.651215914863595,34.6512159148636,26.5,1200.7067643784962,702.25,0,0,0,0,-1.0,-1.0
401856694,2026,3,true,Texas A&M,fbs,21,Kentucky,fbs,31,10,Kentucky,-16.5,,,-24.651215914863595,34.6512159148636,26.5,1200.7067643784962,702.25,0,0,0,0,-1.0,-1.0
401856685,2026,3,true,Alabama,fbs,50,Florida State,fbs,36,-14,Alabama,-18.5,-1350,800,-17.273096616259732,3.273096616259732,4.5,10.713161459370907,20.25,1,1,1,1,1.074074074074074,0.07407407407407396
401856685,2026,3,true,Alabama,fbs,50,Florida State,fbs,36,-14,Alabama,-18.5,-1500,775,-17.273096616259732,3.273096616259732,4.5,10.713161459370907,20.25,1,1,1,1,1.0666666666666667,0.06666666666666665
401856685,2026,3,true,Alabama,fbs,50,Florida State,fbs,36,-14,Alabama,-18.5,,,-17.273096616259732,3.273096616259732,4.5,10.713161459370907,20.25,1,1,1,1,0.0,0.0
401866635,2026,3,true,UAlbany,fcs,20,Monmouth,fcs,28,8,Monmouth,2.5,121,-150,9.984586834583244,1.9845868345832436,5.5,3.9385849040011385,30.25,1,1,1,1,1.6666666666666665,0.6666666666666665
401866635,2026,3,true,UAlbany,fcs,20,Monmouth,fcs,28,8,Monmouth,2.5,,,9.984586834583244,1.9845868345832436,5.5,3.9385849040011385,30.25,1,1,1,1,0.0,0.0
401858457,2026,3,true,Rutgers,fbs,35,USC,fbs,42,7,USC,21.0,1100,-2100,22.595125430275537,15.595125430275537,14.0,243.20793718602675,196.0,1,1,0,0,1.0476190476190477,0.04761904761904767
401858457,2026,3,true,Rutgers,fbs,35,USC,fbs,42,7,USC,21.0,1100,-3300,22.595125430275537,15.595125430275537,14.0,243.20793718602675,196.0,1,1,0,0,1.0303030303030303,0.030303030303030276
401858457,2026,3,true,Rutgers,fbs,35,USC,fbs,42,7,USC,21.0,,,22.595125430275537,15.595125430275537,14.0,243.20793718602675,196.0,1,1,0,0,0.0,0.0
401858450,2026,3,true,Michigan,fbs,52,UTEP,fbs,17,-35,Michigan,-34.5,,,-29.347367242190106,5.652632757809894,0.5,31.952257094665484,0.25,1,1,0,0,0.0,0.0
401858471,2026,3,true,Iowa,fbs,55,Northern Iowa,fcs,0,-55,Iowa,-37.5,,,-32.00459887808294,22.995401121917062,17.5,528.7884727578645,306.25,1,1,0,0,0.0,0.0
401866422,2026,3,true,Liberty,fbs,51,Ball State,fbs,15,-36,Liberty,-14.5,-650,470,-22.153812741567812,13.846187258432188,21.5,191.71690159556988,462.25,1,1,1,1,1.1538461538461537,0.15384615384615374
401866422,2026,3,true,Liberty,fbs,51,Ball State,fbs,15,-36,Liberty,-14.5,-625,430,-22.153812741567812,13.846187258432188,21.5,191.71690159556988,462.25,1,1,1,1,1.16,0.15999999999999992
401866422,2026,3,true,Liberty,fbs,51,Ball State,fbs,15,-36,Liberty,-14.5,,,-22.153812741567812,13.846187258432188,21.5,191.71690159556988,462.25,1,1,1,1,0.0,0.0
401858231,2026,3,true,Duke,fbs,35,Stanford,fbs,7,-28,Duke,-9.5,-375,295,-11.866341222214276,16.133658777785726,18.5,260.2949455580224,342.25,1,1,1,1,1.2666666666666666,0.2666666666666666
401858231,2026,3,true,Duke,fbs,35,Stanford,fbs,7,-28,Duke,-10.0,-370,285,-11.866341222214276,16.133658777785726,18.0,260.2949455580224,324.0,1,1,1,1,1.2702702702702702,0.2702702702702702
401858231,2026,3,true,Duke,fbs,35,Stanford,fbs,7,-28,Duke,-9.5,,,-11.866341222214276,16.133658777785726,18.5,260.2949455580224,342.25,1,1,1,1,0.0,0.0
401858449,2026,3,true,Indiana,fbs,38,Western Kentucky,fbs,0,-38,Indiana,-44.666666666666664,,,-41.324189508535554,3.3241895085355537,6.666666666666664,11.050235888657847,44.444444444444414,1,1,1,1,0.0,0.0
401868051,2026,3,true,Idaho,fcs,39,Abilene Christian,fcs,41,2,Abilene Christian,1.5,-109,-114,-3.677075455767641,5.677075455767641,0.5,32.229185730479365,0.25,0,1,0,0,-1.0,-1.0
401868051,2026,3,true,Idaho,fcs,39,Abilene Christian,fcs,41,2,Abilene Christian,1.5,,,-3.677075455767641,5.677075455767641,0.5,32.229185730479365,0.25,0,1,0,0,-1.0,-1.0
401867804,2026,3,true,Baylor,fbs,36,Louisiana Tech,fbs,19,-17,Baylor,-20.0,-1100,650,-24.576953199193202,7.576953199193202,3.0,57.410219782764095,9.0,1,1,0,0,1.0909090909090908,0.09090909090909083
401867804,2026,3,true,Baylor,fbs,36,Louisiana Tech,fbs,19,-17,Baylor,-19.5,-1350,800,-24.576953199193202,7.576953199193202,2.5,57.410219782764095,6.25,1,1,0,0,1.074074074074074,0.07407407407407396
401867804,2026,3,true,Baylor,fbs,36,Louisiana Tech,fbs,19,-17,Baylor,-20.5,,,-24.576953199193202,7.576953199193202,3.5,57.410219782764095,12.25,1,1,0,0,0.0,0.0
401866641,2026,3,true,Norfolk State,fcs,42,Hampton,fcs,21,-21,Norfolk State,-5.5,-279,216,-4.293858205182787,16.706141794817214,15.5,279.0951736685385,240.25,1,1,0,0,1.3584229390681004,0.3584229390681004
401866641,2026,3,true,Norfolk State,fcs,42,Hampton,fcs,21,-21,Norfolk State,-5.5,,,-4.293858205182787,16.706141794817214,15.5,279.0951736685385,240.25,1,1,0,0,0.0,0.0
401856691,2026,3,true,South Carolina,fbs,34,Mississippi State,fbs,41,7,Mississippi State,-3.0,-162,136,-1.4900013707181055,8.490001370718105,10.0,72.0801232747953,100.0,0,0,1,1,-1.0,-1.0
401856691,2026,3,true,South Carolina,fbs,34,Mississippi State,fbs,41,7,Mississippi State,-3.0,-165,140,-1.4900013707181055,8.490001370718105,10.0,72.0801232747953,100.0,0,0,1,1,-1.0,-1.0
401856691,2026,3,true,South Carolina,fbs,34,Mississippi State,fbs,41,7,Mississippi State,-3.0,,,-1.4900013707181055,8.490001370718105,10.0,72.0801232747953,100.0,0,0,1,1,-1.0,-1.0
401868317,2026,3,true,UL Monroe,fbs,35,SE Louisiana,fcs,38,3,SE Louisiana,-10.0,-415,310,7.117000009200186,4.117000009200186,13.0,16.949689075754335,169.0,1,0,1,1,4.1,3.0999999999999996
401868317,2026,3,true,UL Monroe,fbs,35,SE Louisiana,fcs,38,3,SE Louisiana,-9.5,,,7.117000009200186,4.117000009200186,12.5,16.949689075754335,156.25,1,0,1,1,0.0,0.0
401866637,2026,3,true,Elon,fcs,24,Sacred Heart,fcs,21,-3,Elon,-12.5,-517,365,-6.410506754176061,3.410506754176061,9.5,11.63155632028053,90.25,1,1,1,1,1.1934235976789167,0.1934235976789167
401866637,2026,3,true,Elon,fcs,24,Sacred Heart,fcs,21,-3,Elon,-11.5,,,-6.410506754176061,3.410506754176061,8.5,11.63155632028053,72.25,1,1,1,1,0.0,0.0
401866636,2026,3,true,Campbell,fcs,42,North Carolina A&T,fcs,14,-28,Campbell,-20.5,-1520,770,-4.895458644616464,23.104541355383535,7.5,533.8198312426281,56.25,1,1,0,0,1.0657894736842106,0.06578947368421062
401866636,2026,3,true,Campbell,fcs,42,North Carolina A&T,fcs,14,-28,Campbell,-20.5,,,-4.895458644616464,23.104541355383535,7.5,533.8198312426281,56.25,1,1,0,0,0.0,0.0
401864574,2026,3,true,App State,fbs,26,Charlotte,fbs,21,-5,App State,-16.0,-1600,800,-15.4283388038966,10.4283388038966,11.0,108.75025020885555,121.0,1,1,1,1,1.0625,0.0625
401864574,2026,3,true,App State,fbs,26,Charlotte,fbs,21,-5,App State,-15.5,-1000,650,-15.4283388038966,10.4283388038966,10.5,108.75025020885555,110.25,1,1,1,1,1.1,0.10000000000000009
401864574,2026,3,true,App State,fbs,26,Charlotte,fbs,21,-5,App State,-16.5,,,-15.4283388038966,10.4283388038966,11.5,108.75025020885555,132.25,1,1,1,1,0.0,0.0
401868142,2026,3,true,Eastern Kentucky,fcs,14,Dayton,fcs,17,3,Dayton,-11.5,-436,317,4.281897430145262,1.2818974301452624,14.5,1.6432610214130279,210.25,1,0,1,1,4.17,3.17
401868142,2026,3,true,Eastern Kentucky,fcs,14,Dayton,fcs,17,3,Dayton,-11.5,,,4.281897430145262,1.2818974301452624,14.5,1.6432610214130279,210.25,1,0,1,1,0.0,0.0
401862771,2026,3,true,Florida Atlantic,fbs,16,Florida International,fbs,10,-6,Florida Atlantic,-4.5,-205,170,-2.642374377086238,3.357625622913762,1.5,11.273649823647029,2.25,1,1,0,0,1.4878048780487805,0.4878048780487805
401862771,2026,3,true,Florida Atlantic,fbs,16,Florida International,fbs,10,-6,Florida Atlantic,-5.0,-275,225,-2.642374377086238,3.357625622913762,1.0,11.273649823647029,1.0,1,1,0,0,1.3636363636363638,0.36363636363636376
401862771,2026,3,true,Florida Atlantic,fbs,16,Florida International,fbs,10,-6,Florida Atlantic,-5.5,,,-2.642374377086238,3.357625622913762,0.5,11.273649823647029,0.25,1,1,0,0,0.0,0.0
401868337,2026,3,true,Chattanooga,fcs,41,Wofford,fcs,7,-34,Chattanooga,-1.5,-137,110,-1.6278795758653009,32.3721204241347,32.5,1047.9541807546789,1056.25,1,1,1,1,1.72992700729927,0.7299270072992701
401868337,2026,3,true,Chattanooga,fcs,41,Wofford,fcs,7,-34,Chattanooga,-1.5,,,-1.6278795758653009,32.3721204241347,32.5,1047.9541807546789,1056.25,1,1,1,1,0.0,0.0
401862710,2026,3,true,Old Dominion,fbs,17,East Carolina,fbs,20,3,East Carolina,-2.5,-145,125,-2.569715231755918,5.569715231755918,5.5,31.021727762853878,30.25,0,0,0,0,-1.0,-1.0
401862710,2026,3,true,Old Dominion,fbs,17,East Carolina,fbs,20,3,East Carolina,-2.5,-130,110,-2.569715231755918,5.569715231755918,5.5,31.021727762853878,30.25,0,0,0,0,-1.0,-1.0
401862710,2026,3,true,Old Dominion,fbs,17,East Carolina,fbs,20,3,East Carolina,-2.5,,,-2.569715231755918,5.569715231755918,5.5,31.021727762853878,30.25,0,0,0,0,-1.0,-1.0
401867979,2026,3,true,Gardner-Webb,fcs,44,North Carolina Central,fcs,20,-24,Gardner-Webb,-7.0,-309,236,2.925956723454681,26.925956723454682,17.0,725.0071454733544,289.0,0,1,0,0,-1.0,-1.0
401867979,2026,3,true,Gardner-Webb,fcs,44,North Carolina Central,fcs,20,-24,Gardner-Webb,-7.0,,,2.925956723454681,26.925956723454682,17.0,725.0071454733544,289.0,0,1,0,0,-1.0,-1.0
401866640,2026,3,true,Towson,fcs,26,Morgan State,fcs,41,15,Morgan State,-8.5,-400,295,-7.010557068371377,22.010557068371376,23.5,484.4646224600332,552.25,0,0,1,1,-1.0,-1.0
401866640,2026,3,true,Towson,fcs,26,Morgan State,fcs,41,15,Morgan State,-8.5,,,-7.010557068371377,22.010557068371376,23.5,484.4646224600332,552.25,0,0,1,1,-1.0,-1.0
401868009,2026,3,true,William & Mary,fcs,27,Fordham,fcs,52,25,Fordham,-16.5,-1560,780,-7.619256334750769,32.61925633475077,41.5,1064.0158838321784,1722.25,0,0,1,1,-1.0,-1.0
401868009,2026,3,true,William & Mary,fcs,27,Fordham,fcs,52,25,Fordham,-15.5,,,-7.619256334750769,32.61925633475077,40.5,1064.0158838321784,1640.25,0,0,1,1,-1.0,-1.0
401871047,2026,3,true,Missouri State,fbs,24,Marshall,fbs,30,6,Marshall,4.0,160,-192,-4.157245675435487,10.157245675435487,2.0,103.1696397111529,4.0,0,1,0,0,-1.0,-1.0
401871047,2026,3,true,Missouri State,fbs,24,Marshall,fbs,30,6,Marshall,4.0,160,-185,-4.157245675435487,10.157245675435487,2.0,103.1696397111529,4.0,0,1,0,0,-1.0,-1.0
401871047,2026,3,true,Missouri State,fbs,24,Marshall,fbs,30,6,Marshall,4.0,,,-4.157245675435487,10.157245675435487,2.0,103.1696397111529,4.0,0,1,0,0,-1.0,-1.0
401856803,2026,3,true,Oklahoma State,fbs,59,Murray State,fcs,0,-59,Oklahoma State,-56.166666666666664,,,-13.474035885522245,45.52596411447776,2.8333333333333357,2072.6134085527165,8.027777777777791,1,1,0,0,0.0,0.0
401868133,2026,3,true,Southeast Missouri State,fcs,27,Central Arkansas,fcs,9,-18,Southeast Missouri State,-4.0,-189,151,2.9124549086408997,20.9124549086409,14.0,437.33077030593887,196.0,0,1,0,0,-1.0,-1.0
401868133,2026,3,true,Southeast Missouri State,fcs,27,Central Arkansas,fcs,9,-18,Southeast Missouri State,-4.0,,,2.9124549086408997,20.9124549086409,14.0,437.33077030593887,196.0,0,1,0,0,-1.0,-1.0
401869948,2026,3,true,Jacksonville State,fbs,31,Georgia Southern,fbs,27,-4,Jacksonville State,-3.5,-175,150,-4.167435022811741,0.16743502281174116,0.5,0.028034486863968283,0.25,1,1,1,1,1.5714285714285714,0.5714285714285714
401869948,2026,3,true,Jacksonville State,fbs,31,Georgia Southern,fbs,27,-4,Jacksonville State,-3.5,-175,145,-4.167435022811741,0.16743502281174116,0.5,0.028034486863968283,0.25,1,1,1,1,1.5714285714285714,0.5714285714285714
401869948,2026,3,true,Jacksonville State,fbs,31,Georgia Southern,fbs,27,-4,Jacksonville State,-3.5,,,-4.167435022811741,0.16743502281174116,0.5,0.028034486863968283,0.25,1,1,1,1,0.0,0.0
401856800,2026,3,true,UCF,fbs,44,Georgia State,fbs,30,-14,UCF,-17.5,-1500,775,-20.60001033622845,6.600010336228451,3.5,43.56013643832239,12.25,1,1,0,0,1.0666666666666667,0.06666666666666665
401856800,2026,3,true,UCF,fbs,44,Georgia State,fbs,30,-14,UCF,-17.5,-1050,675,-20.60001033622845,6.600010336228451,3.5,43.56013643832239,12.25,1,1,0,0,1.0952380952380953,0.09523809523809534
401856800,2026,3,true,UCF,fbs,44,Georgia State,fbs,30,-14,UCF,-17.5,,,-20.60001033622845,6.600010336228451,3.5,43.56013643832239,12.25,1,1,0,0,0.0,0.0
401856689,2026,3,true,Missouri,fbs,27,Troy,fbs,17,-10,Missouri,-27.0,-6500,1300,-30.704659201220586,20.704659201220586,17.0,428.68291263868826,289.0,1,1,0,0,1.0153846153846153,0.01538461538461533
401856689,2026,3,true,Missouri,fbs,27,Troy,fbs,17,-10,Missouri,-27.5,-4500,1700,-30.704659201220586,20.704659201220586,17.5,428.68291263868826,306.25,1,1,0,0,1.0222222222222221,0.022222222222222143
401856689,2026,3,true,Missouri,fbs,27,Troy,fbs,17,-10,Missouri,-26.5,,,-30.704659201220586,20.704659201220586,16.5,428.68291263868826,272.25,1,1,0,0,0.0,0.0
401861963,2026,3,true,Southern Miss,fbs,20,UConn,fbs,48,28,UConn,3.5,136,-162,22.703136938775955,5.296863061224045,24.5,28.056758289359756,600.25,1,1,1,1,1.617283950617284,0.617283950617284
401861963,2026,3,true,Southern Miss,fbs,20,UConn,fbs,48,28,UConn,3.5,140,-165,22.703136938775955,5.296863061224045,24.5,28.056758289359756,600.25,1,1,1,1,1.606060606060606,0.606060606060606
401861963,2026,3,true,Southern Miss,fbs,20,UConn,fbs,48,28,UConn,3.5,,,22.703136938775955,5.296863061224045,24.5,28.056758289359756,600.25,1,1,1,1,0.0,0.0
401868151,2026,3,true,North Alabama,fcs,38,Alcorn State,fcs,20,-18,North Alabama,-13.5,-510,361,4.210457259406005,22.210457259406006,4.5,493.30441167190094,20.25,0,1,0,0,-1.0,-1.0
401868151,2026,3,true,North Alabama,fcs,38,Alcorn State,fcs,20,-18,North Alabama,-13.5,,,4.210457259406005,22.210457259406006,4.5,493.30441167190094,20.25,0,1,0,0,-1.0,-1.0
401867896,2026,3,true,South Dakota State,fcs,27,Youngstown State,fcs,20,-7,South Dakota State,-9.5,-361,271,-5.188655992707601,1.8113440072923988,2.5,3.2809671127540856,6.25,1,1,1,1,1.2770083102493075,0.2770083102493075
401867896,2026,3,true,South Dakota State,fcs,27,Youngstown State,fcs,20,-7,South Dakota State,-9.5,,,-5.188655992707601,1.8113440072923988,2.5,3.2809671127540856,6.25,1,1,1,1,0.0,0.0
401862777,2026,3,true,South Florida,fbs,59,Delaware State,fcs,17,-42,South Florida,-37.166666666666664,,,-23.60301215540847,18.39698784459153,4.833333333333336,338.4491617540485,23.361111111111136,1,1,0,0,0.0,0.0
401867984,2026,3,true,Furman,fcs,17,South Carolina State,fcs,20,3,South Carolina State,4.5,177,-225,7.374172779719948,4.374172779719948,1.5,19.133387506842936,2.25,1,1,0,0,1.4444444444444444,0.4444444444444444
401867984,2026,3,true,Furman,fcs,17,South Carolina State,fcs,20,3,South Carolina State,4.5,,,7.374172779719948,4.374172779719948,1.5,19.133387506842936,2.25,1,1,0,0,0.0,0.0
401869147,2026,3,true,Incarnate Word,fcs,30,Houston Christian,fcs,23,-7,Incarnate Word,-14.0,-680,450,-5.865632297577093,1.1343677024229066,7.0,1.286790084300224,49.0,1,1,1,1,1.1470588235294117,0.1470588235294117
401869147,2026,3,true,Incarnate Word,fcs,30,Houston Christian,fcs,23,-7,Incarnate Word,-14.0,,,-5.865632297577093,1.1343677024229066,7.0,1.286790084300224,49.0,1,1,1,1,0.0,0.0
401866423,2026,3,true,South Alabama,fbs,41,Ohio,fbs,36,-5,South Alabama,-7.0,-185,160,-4.104737769628354,0.895262230371646,2.0,0.8014944611300141,4.0,1,1,1,1,1.5405405405405406,0.5405405405405406
401866423,2026,3,true,South Alabama,fbs,41,Ohio,fbs,36,-5,South Alabama,-7.0,-270,220,-4.104737769628354,0.895262230371646,2.0,0.8014944611300141,4.0,1,1,1,1,1.3703703703703702,0.37037037037037024
401866423,2026,3,true,South Alabama,fbs,41,Ohio,fbs,36,-5,South Alabama,-7.0,,,-4.104737769628354,0.895262230371646,2.0,0.8014944611300141,4.0,1,1,1,1,0.0,0.0
401862773,2026,3,true,Rice,fbs,21,Western Michigan,fbs,28,7,Western Michigan,8.5,325,-510,-5.934304924143529,12.934304924143529,1.5,167.29624387072354,2.25,0,1,1,0,-1.0,-1.0
401862773,2026,3,true,Rice,fbs,21,Western Michigan,fbs,28,7,Western Michigan,8.5,285,-360,-5.934304924143529,12.934304924143529,1.5,167.29624387072354,2.25,0,1,1,0,-1.0,-1.0
401862773,2026,3,true,Rice,fbs,21,Western Michigan,fbs,28,7,Western Michigan,8.5,,,-5.934304924143529,12.934304924143529,1.5,167.29624387072354,2.25,0,1,1,0,-1.0,-1.0
401856687,2026,3,true,Auburn,fbs,39,Florida,fbs,44,5,Florida,2.5,114,-135,0.44778291048634067,4.552217089513659,2.5,20.722680430060212,6.25,1,1,0,0,1.7407407407407407,0.7407407407407407
401856687,2026,3,true,Auburn,fbs,39,Florida,fbs,44,5,Florida,2.5,115,-135,0.44778291048634067,4.552217089513659,2.5,20.722680430060212,6.25,1,1,0,0,1.7407407407407407,0.7407407407407407
401856687,2026,3,true,Auburn,fbs,39,Florida,fbs,44,5,Florida,2.5,,,0.44778291048634067,4.552217089513659,2.5,20.722680430060212,6.25,1,1,0,0,0.0,0.0
401868237,2026,3,true,Tarleton State,fcs,45,Merrimack,fcs,20,-25,Tarleton State,-32.5,,,-14.635798990660783,10.364201009339217,7.5,107.41666256198805,56.25,1,1,1,0,0.0,0.0
401864443,2026,3,true,Middle Tennessee,fbs,27,Nevada,fbs,20,-7,Middle Tennessee,3.5,150,-180,4.428385454300258,11.428385454300258,10.5,130.60799409206172,110.25,0,0,0,0,-1.0,-1.0
401864443,2026,3,true,Middle Tennessee,fbs,27,Nevada,fbs,20,-7,Middle Tennessee,4.0,180,-220,4.428385454300258,11.428385454300258,11.0,130.60799409206172,121.0,0,0,0,0,-1.0,-1.0
401864443,2026,3,true,Middle Tennessee,fbs,27,Nevada,fbs,20,-7,Middle Tennessee,3.5,,,4.428385454300258,11.428385454300258,10.5,130.60799409206172,110.25,0,0,0,0,-1.0,-1.0
401868205,2026,3,true,Western Illinois,fcs,59,Morehead State,fcs,2,-57,Western Illinois,-20.5,-1900,870,-3.6577008291172506,53.34229917088275,36.5,2845.400880835958,1332.25,1,1,0,0,1.0526315789473684,0.05263157894736836
401868205,2026,3,true,Western Illinois,fcs,59,Morehead State,fcs,2,-57,Western Illinois,-20.5,,,-3.6577008291172506,53.34229917088275,36.5,2845.400880835958,1332.25,1,1,0,0,0.0,0.0
401870764,2026,3,true,Sam Houston,fbs,59,Nicholls,fcs,0,-59,Sam Houston,-21.0,,,-1.1597571846855743,57.840242815314426,38.0,3345.493688934532,1444.0,1,1,0,0,0.0,0.0
401870764,2026,3,true,Sam Houston,fbs,59,Nicholls,fcs,0,-59,Sam Houston,-21.0,-1000,625,-1.1597571846855743,57.840242815314426,38.0,3345.493688934532,1444.0,1,1,0,0,1.1,0.10000000000000009
401868196,2026,3,true,Florida A&M,fcs,26,Tennessee State,fcs,29,3,Tennessee State,-3.0,-154,123,-3.839512359598622,6.839512359598622,6.0,46.77892931710231,36.0,0,0,0,0,-1.0,-1.0
401868196,2026,3,true,Florida A&M,fcs,26,Tennessee State,fcs,29,3,Tennessee State,-3.0,,,-3.839512359598622,6.839512359598622,6.0,46.77892931710231,36.0,0,0,0,0,-1.0,-1.0
401862772,2026,3,true,Memphis,fbs,45,UT Martin,fcs,21,-24,Memphis,-33.5,-50000,4000,-33.20435325495519,9.204353254955187,9.5,84.72011884200414,90.25,1,1,1,1,1.002,0.0020000000000000018
401862772,2026,3,true,Memphis,fbs,45,UT Martin,fcs,21,-24,Memphis,-33.5,,,-33.20435325495519,9.204353254955187,9.5,84.72011884200414,90.25,1,1,1,1,0.0,0.0
401858459,2026,3,true,Washington,fbs,48,Eastern Washington,fcs,16,-32,Washington,-42.833333333333336,,,-46.45692208872872,14.456922088728717,10.833333333333336,209.0025962795723,117.36111111111116,1,1,0,0,0.0,0.0
401858452,2026,3,true,Nebraska,fbs,34,North Dakota,fcs,7,-27,Nebraska,-27.5,-2800,1300,-29.033079926549682,2.033079926549682,0.5,4.133413987739261,0.25,1,1,0,0,1.0357142857142858,0.03571428571428581
401858452,2026,3,true,Nebraska,fbs,34,North Dakota,fcs,7,-27,Nebraska,-27.0,-2500,1000,-29.033079926549682,2.033079926549682,0.0,4.133413987739261,0.0,1,1,0,0,1.04,0.040000000000000036
401858452,2026,3,true,Nebraska,fbs,34,North Dakota,fcs,7,-27,Nebraska,-27.5,,,-29.033079926549682,2.033079926549682,0.5,4.133413987739261,0.25,1,1,0,0,0.0,0.0
401858453,2026,3,true,Notre Dame,fbs,27,Michigan State,fbs,10,-17,Notre Dame,-28.5,-5000,1800,-30.68701729956927,13.68701729956927,11.5,187.33444255870847,132.25,1,1,0,0,1.02,0.020000000000000018
401858453,2026,3,true,Notre Dame,fbs,27,Michigan State,fbs,10,-17,Notre Dame,-29.0,-10000,1600,-30.68701729956927,13.68701729956927,12.0,187.33444255870847,144.0,1,1,0,0,1.01,0.010000000000000009
401858453,2026,3,true,Notre Dame,fbs,27,Michigan State,fbs,10,-17,Notre Dame,-28.5,,,-30.68701729956927,13.68701729956927,11.5,187.33444255870847,132.25,1,1,0,0,0.0,0.0
401856796,2026,3,true,Northwestern,fbs,41,Colorado,fbs,7,-34,Northwestern,-3.5,-175,145,-1.8028044596951318,32.19719554030487,30.5,1036.6594006606276,930.25,1,1,0,0,1.5714285714285714,0.5714285714285714
401856796,2026,3,true,Northwestern,fbs,41,Colorado,fbs,7,-34,Northwestern,-3.5,-195,165,-1.8028044596951318,32.19719554030487,30.5,1036.6594006606276,930.25,1,1,0,0,1.5128205128205128,0.5128205128205128
401856796,2026,3,true,Northwestern,fbs,41,Colorado,fbs,7,-34,Northwestern,-3.5,,,-1.8028044596951318,32.19719554030487,30.5,1036.6594006606276,930.25,1,1,0,0,0.0,0.0
401856795,2026,3,true,Colorado State,fbs,23,BYU,fbs,41,18,BYU,17.5,650,-1100,28.587970022548575,10.587970022548575,0.5,112.10510919838727,0.25,1,1,1,0,1.0909090909090908,0.09090909090909083
401856795,2026,3,true,Colorado State,fbs,23,BYU,fbs,41,18,BYU,17.5,650,-1000,28.587970022548575,10.587970022548575,0.5,112.10510919838727,0.25,1,1,1,0,1.1,0.10000000000000009
401856795,2026,3,true,Colorado State,fbs,23,BYU,fbs,41,18,BYU,17.5,,,28.587970022548575,10.587970022548575,0.5,112.10510919838727,0.25,1,1,1,0,0.0,0.0
401856802,2026,3,true,Virginia,fbs,27,West Virginia,fbs,38,11,West Virginia,-10.5,-410,320,-1.4240676114969286,12.424067611496929,21.5,154.357456015047,462.25,0,0,1,1,-1.0,-1.0
401856802,2026,3,true,Virginia,fbs,27,West Virginia,fbs,38,11,West Virginia,-11.0,-380,290,-1.4240676114969286,12.424067611496929,22.0,154.357456015047,484.0,0,0,1,1,-1.0,-1.0
401856802,2026,3,true,Virginia,fbs,27,West Virginia,fbs,38,11,West Virginia,-10.5,,,-1.4240676114969286,12.424067611496929,21.5,154.357456015047,462.25,0,0,1,1,-1.0,-1.0
401858232,2026,3,true,Maryland,fbs,26,Virginia Tech,fbs,35,9,Virginia Tech,2.5,110,-130,0.8070133699599418,8.192986630040059,6.5,67.12502992001515,42.25,1,1,0,0,1.7692307692307692,0.7692307692307692
401858232,2026,3,true,Maryland,fbs,26,Virginia Tech,fbs,35,9,Virginia Tech,2.5,140,-165,0.8070133699599418,8.192986630040059,6.5,67.12502992001515,42.25,1,1,0,0,1.606060606060606,0.606060606060606
401858232,2026,3,true,Maryland,fbs,26,Virginia Tech,fbs,35,9,Virginia Tech,2.5,,,0.8070133699599418,8.192986630040059,6.5,67.12502992001515,42.25,1,1,0,0,0.0,0.0
401856688,2026,3,true,Ole Miss,fbs,32,LSU,fbs,24,-8,Ole Miss,3.0,124,-148,-5.86045881216042,2.13954118783958,11.0,4.577636494462,121.0,1,0,1,1,2.24,1.2400000000000002
401856688,2026,3,true,Ole Miss,fbs,32,LSU,fbs,24,-8,Ole Miss,2.5,130,-165,-5.86045881216042,2.13954118783958,10.5,4.577636494462,110.25,1,0,1,1,2.3,1.2999999999999998
401856688,2026,3,true,Ole Miss,fbs,32,LSU,fbs,24,-8,Ole Miss,3.0,,,-5.86045881216042,2.13954118783958,11.0,4.577636494462,121.0,1,0,1,1,0.0,0.0
401856690,2026,3,true,Oklahoma,fbs,14,New Mexico,fbs,6,-8,Oklahoma,-21.5,-2100,1100,-17.361679739796624,9.361679739796624,13.5,87.64104755051859,182.25,1,1,1,1,1.0476190476190477,0.04761904761904767
401856690,2026,3,true,Oklahoma,fbs,14,New Mexico,fbs,6,-8,Oklahoma,-21.0,-2500,1000,-17.361679739796624,9.361679739796624,13.0,87.64104755051859,169.0,1,1,1,1,1.04,0.040000000000000036
401856690,2026,3,true,Oklahoma,fbs,14,New Mexico,fbs,6,-8,Oklahoma,-21.5,,,-17.361679739796624,9.361679739796624,13.5,87.64104755051859,182.25,1,1,1,1,0.0,0.0
401856692,2026,3,true,Tennessee,fbs,42,Kennesaw State,fbs,9,-33,Tennessee,-35.5,-8000,2200,-46.69566391337733,13.69566391337733,2.5,187.57121002818607,6.25,1,1,0,0,1.0125,0.012499999999999956
401856692,2026,3,true,Tennessee,fbs,42,Kennesaw State,fbs,9,-33,Tennessee,-35.5,,,-46.69566391337733,13.69566391337733,2.5,187.57121002818607,6.25,1,1,0,0,0.0,0.0
401856693,2026,3,true,Texas,fbs,30,UTSA,fbs,6,-24,Texas,-29.5,-5000,1800,-27.543357593487624,3.543357593487624,5.5,12.555383035326404,30.25,1,1,1,1,1.02,0.020000000000000018
401856693,2026,3,true,Texas,fbs,30,UTSA,fbs,6,-24,Texas,-29.75,,,-27.543357593487624,3.543357593487624,5.75,12.555383035326404,33.0625,1,1,1,1,0.0,0.0
401862776,2026,3,true,Louisiana,fbs,21,UAB,fbs,14,-7,Louisiana,-7.0,-278,225,-2.0066614672379224,4.993338532762078,0.0,24.93342970276654,0.0,1,1,0,0,1.3597122302158273,0.3597122302158273
401862776,2026,3,true,Louisiana,fbs,21,UAB,fbs,14,-7,Louisiana,-7.0,-330,265,-2.0066614672379224,4.993338532762078,0.0,24.93342970276654,0.0,1,1,0,0,1.303030303030303,0.303030303030303
401862776,2026,3,true,Louisiana,fbs,21,UAB,fbs,14,-7,Louisiana,-7.0,,,-2.0066614672379224,4.993338532762078,0.0,24.93342970276654,0.0,1,1,0,0,0.0,0.0
401868124,2026,3,true,Utah Tech,fcs,23,Northern Arizona,fcs,35,12,Northern Arizona,16.5,640,-1140,3.036313284420565,8.963686715579435,4.5,80.34767953505524,20.25,1,1,1,0,1.087719298245614,0.08771929824561409
401868124,2026,3,true,Utah Tech,fcs,23,Northern Arizona,fcs,35,12,Northern Arizona,16.5,,,3.036313284420565,8.963686715579435,4.5,80.34767953505524,20.25,1,1,1,0,0.0,0.0
401868168,2026,3,true,Weber State,fcs,49,Northwestern State,fcs,20,-29,Weber State,-35.5,,,-10.549719526696075,18.450280473303927,6.5,340.4128495435802,42.25,1,1,1,0,0.0,0.0
401862775,2026,3,true,Tulsa,fbs,42,East Texas A&M,fcs,0,-42,Tulsa,-41.333333333333336,,,-8.88907990036692,33.11092009963308,0.6666666666666643,1096.3330298442856,0.4444444444444413,1,1,0,0,0.0,0.0
401856799,2026,3,true,TCU,fbs,31,Arkansas State,fbs,7,-24,TCU,-18.5,-1350,800,-31.18954119577544,7.1895411957754405,5.5,51.68950260575215,30.25,1,1,1,0,1.074074074074074,0.07407407407407396
401856799,2026,3,true,TCU,fbs,31,Arkansas State,fbs,7,-24,TCU,-19.5,-1400,750,-31.18954119577544,7.1895411957754405,4.5,51.68950260575215,20.25,1,1,1,0,1.0714285714285714,0.0714285714285714
401856799,2026,3,true,TCU,fbs,31,Arkansas State,fbs,7,-24,TCU,-18.5,,,-31.18954119577544,7.1895411957754405,5.5,51.68950260575215,30.25,1,1,1,0,0.0,0.0
401868075,2026,3,true,Cal Poly,fcs,35,San Diego,fcs,38,3,San Diego,-17.5,-810,515,-0.5391218610209172,3.5391218610209174,20.5,12.525383547156162,420.25,0,0,1,1,-1.0,-1.0
401868075,2026,3,true,Cal Poly,fcs,35,San Diego,fcs,38,3,San Diego,-17.5,,,-0.5391218610209172,3.5391218610209174,20.5,12.525383547156162,420.25,0,0,1,1,-1.0,-1.0
401868307,2026,3,true,Prairie View A&M,fcs,10,Stephen F. Austin,fcs,31,21,Stephen F. Austin,16.5,610,-1060,-2.4959830746874996,23.4959830746875,4.5,552.0612206460015,20.25,0,1,0,0,-1.0,-1.0
401868307,2026,3,true,Prairie View A&M,fcs,10,Stephen F. Austin,fcs,31,21,Stephen F. Austin,16.5,,,-2.4959830746874996,23.4959830746875,4.5,552.0612206460015,20.25,0,1,0,0,-1.0,-1.0
401868164,2026,3,true,UC Davis,fcs,45,Stetson,fcs,7,-38,UC Davis,-47.5,,,-14.338610634441824,23.661389365558176,9.5,559.8613467085495,90.25,1,1,1,0,0.0,0.0
401860885,2026,3,true,Boise State,fbs,38,South Dakota,fcs,24,-14,Boise State,-28.5,-3200,1400,-21.725926462895806,7.725926462895806,14.5,59.68993971007371,210.25,1,1,1,1,1.03125,0.03125
401860885,2026,3,true,Boise State,fbs,38,South Dakota,fcs,24,-14,Boise State,-28.0,-2800,1100,-21.725926462895806,7.725926462895806,14.0,59.68993971007371,196.0,1,1,1,1,1.0357142857142858,0.03571428571428581
401860885,2026,3,true,Boise State,fbs,38,South Dakota,fcs,24,-14,Boise State,-28.5,,,-21.725926462895806,7.725926462895806,14.5,59.68993971007371,210.25,1,1,1,1,0.0,0.0
401860887,2026,3,true,San Diego State,fbs,13,James Madison,fbs,26,13,James Madison,-2.5,-135,114,14.375291790744352,1.3752917907443525,15.5,1.8914275096888078,240.25,1,0,1,1,2.14,1.1400000000000001
401860887,2026,3,true,San Diego State,fbs,13,James Madison,fbs,26,13,James Madison,-3.0,-135,115,14.375291790744352,1.3752917907443525,16.0,1.8914275096888078,256.0,1,0,1,1,2.1500000000000004,1.1500000000000004
401860887,2026,3,true,San Diego State,fbs,13,James Madison,fbs,26,13,James Madison,-3.0,,,14.375291790744352,1.3752917907443525,16.0,1.8914275096888078,256.0,1,0,1,1,0.0,0.0
401864507,2026,3,true,Sacramento State,fbs,10,North Dakota State,fbs,31,21,North Dakota State,26.5,1800,-5000,12.714965362772213,8.285034637227787,5.5,68.64179894006416,30.25,1,1,1,0,1.02,0.020000000000000018
401864507,2026,3,true,Sacramento State,fbs,10,North Dakota State,fbs,31,21,North Dakota State,24.5,1300,-7000,12.714965362772213,8.285034637227787,3.5,68.64179894006416,12.25,1,1,1,0,1.0142857142857142,0.014285714285714235
401864507,2026,3,true,Sacramento State,fbs,10,North Dakota State,fbs,31,21,North Dakota State,26.5,,,12.714965362772213,8.285034637227787,5.5,68.64179894006416,30.25,1,1,1,0,0.0,0.0
401856793,2026,3,true,Arizona,fbs,42,Northern Illinois,fbs,17,-25,Arizona,-34.5,-6500,2000,-27.139695607564192,2.1396956075641924,9.5,4.5782972930294985,90.25,1,1,1,1,1.0153846153846153,0.01538461538461533
401856793,2026,3,true,Arizona,fbs,42,Northern Illinois,fbs,17,-25,Arizona,-34.5,,,-27.139695607564192,2.1396956075641924,9.5,4.5782972930294985,90.25,1,1,1,1,0.0,0.0
401858458,2026,3,true,UCLA,fbs,52,Purdue,fbs,38,-14,UCLA,-14.0,-600,440,-9.297231665072802,4.702768334927198,0.0,22.116030011993928,0.0,1,1,0,0,1.1666666666666667,0.16666666666666674
401858458,2026,3,true,UCLA,fbs,52,Purdue,fbs,38,-14,UCLA,-13.5,-800,525,-9.297231665072802,4.702768334927198,0.5,22.116030011993928,0.25,1,1,0,0,1.125,0.125
401858458,2026,3,true,UCLA,fbs,52,Purdue,fbs,38,-14,UCLA,-13.5,,,-9.297231665072802,4.702768334927198,0.5,22.116030011993928,0.25,1,1,0,0,0.0,0.0
401860886,2026,3,true,Oregon State,fbs,52,Montana,fcs,17,-35,Oregon State,-17.5,-850,575,-3.3840683560031035,31.615931643996895,17.5,999.5671337178842,306.25,1,1,0,0,1.1176470588235294,0.11764705882352944
401860886,2026,3,true,Oregon State,fbs,52,Montana,fcs,17,-35,Oregon State,-17.5,-900,575,-3.3840683560031035,31.615931643996895,17.5,999.5671337178842,306.25,1,1,0,0,1.1111111111111112,0.11111111111111116
401860886,2026,3,true,Oregon State,fbs,52,Montana,fcs,17,-35,Oregon State,-17.5,,,-3.3840683560031035,31.615931643996895,17.5,999.5671337178842,306.25,1,1,0,0,0.0,0.0
401860888,2026,3,true,San José State,fbs,10,Fresno State,fbs,26,16,Fresno State,4.5,164,-198,-1.1213203868507655,17.121320386850766,11.5,293.13961178919163,132.25,0,1,0,0,-1.0,-1.0
401860888,2026,3,true,San José State,fbs,10,Fresno State,fbs,26,16,Fresno State,4.0,225,-275,-1.1213203868507655,17.121320386850766,12.0,293.13961178919163,144.0,0,1,0,0,-1.0,-1.0
401860888,2026,3,true,San José State,fbs,10,Fresno State,fbs,26,16,Fresno State,4.0,,,-1.1213203868507655,17.121320386850766,12.0,293.13961178919163,144.0,0,1,0,0,-1.0,-1.0
